Ürün İsmi,Marka,Kategori,Alt Kategori
Uludağ Frutti Şeftali Aromalı 6x200 ml Çoklu Paket,Uludağ,Gıda Ürünleri,"('Meyve Suyu', 'İçecek')"
Uludağ Frutti Elma Aromalı 6x200 ml Çoklu Paket,Uludağ,Gıda Ürünleri,"('Meyve Suyu', 'İçecek')"
Uludağ Frutti Limon Aromalı 6x200 ml Çoklu Paket,Uludağ,Gıda Ürünleri,"('Meyve Suyu', 'İçecek')"
Uludağ Frutti Karpuz-Çilek Aromalı 6x200 ml Çoklu Paket,Uludağ,Gıda Ürünleri,"('Meyve Suyu', 'İçecek')"
Uludağ Frutti Çilek Aromalı 6x200 ml Çoklu Paket,Uludağ,Gıda Ürünleri,"('Meyve Suyu', 'İçecek')"
Uludağ Frutti Narlı 200 ml Cam Şişe,Uludağ,Gıda Ürünleri,"('Meyve Suyu', 'İçecek')"
Uludağ Frutti Şeftali Aromalı 200 ml Cam Şişe,Uludağ,Gıda Ürünleri,"('Meyve Suyu', 'İçecek')"
Uludağ Frutti Elma Aromalı 200 ml Cam Şişe,Uludağ,Gıda Ürünleri,"('Meyve Suyu', 'İçecek')"
Uludağ Frutti Limon Aromalı 200 ml Cam Şişe,Uludağ,Gıda Ürünleri,"('Meyve Suyu', 'İçecek')"
Uludağ Frutti Çilek-Karpuz Aromalı 200 ml Cam Şişe,Uludağ,Gıda Ürünleri,"('Meyve Suyu', 'İçecek')"
Uludağ Frutti Çilek Aromalı 200 ml Cam Şişe,Uludağ,Gıda Ürünleri,"('Meyve Suyu', 'İçecek')"
Uludağ Premium Doğal Kaynak Suyu 6x250 ml Cam Şişe,Uludağ,Gıda Ürünleri,"('Meyve Suyu', 'İçecek')"
Assu Mineralli Su 5 lt,Assu,Gıda Ürünleri,Su
Assu Mineralli Su 19 lt Damacana,Assu,Gıda Ürünleri,Su
Assu Mineralli Su 0.5 lt,Assu,Gıda Ürünleri,Su
Büklüce Sofralık Siyah Zeytin, Büklüce,Gıda Ürünleri,Kahvaltılık
Büklüce Doğal Fermente Siyah Zeytin,Büklüce,Gıda Ürünleri,Kahvaltılık
Büklüce Taş Baskı Siyah Zeytin, Büklüce,Gıda Ürünleri,Kahvaltılık
Büklüce Ev Boyu Sofralık Siyah Zeytin, Büklüce,Gıda Ürünleri,Kahvaltılık
Uludağ Meyvelim Nar 1 L Pet Şişe,Uludağ,Gıda Ürünleri,"('Meyve Suyu', 'İçecek')"
Uludağ Meyvelim Portakal 1 L Pet Şişe,Uludağ,Gıda Ürünleri,"('Meyve Suyu', 'İçecek')"
Uludağ Meyvelim Orman Meyveleri 1 L Pet Şişe,Uludağ,Gıda Ürünleri,"('Meyve Suyu', 'İçecek')"
Uludağ Meyvelim Ananas 1 L Pet Şişe,Uludağ,Gıda Ürünleri,"('Meyve Suyu', 'İçecek')"
Uludağ Meyvelim Greyfurt 1 L Pet Şişe,Uludağ,Gıda Ürünleri,"('Meyve Suyu', 'İçecek')"
Uludağ Meyvelim Mandalina 1 L Pet Şişe,Uludağ,Gıda Ürünleri,"('Meyve Suyu', 'İçecek')"
Uludağ Ramazan Şerbeti 1 L Pet Şişe,Eti,Gıda Ürünleri,İçecek
Uludağ Limonata Yeşil Limonlu 1 L Pet Şişe,Uludağ,Gıda Ürünleri,İçecek
Uludağ Limonata Nane Aromalı 1 L Pet Şişe,Aroma,Gıda Ürünleri,"('Meyve Suyu', 'İçecek')"
Uludağ Limonata Şekersiz 2 L Pet Şişe,Eker,Gıda Ürünleri,İçecek
Uludağ Limonata Şekersiz  1 L Pet Şişe,Eker,Gıda Ürünleri,İçecek
Uludağ Limonata Şekersiz Cam 250 ml 6′lı Paket,Eker,Gıda Ürünleri,İçecek
Uludağ Limonata Şekersiz 250 ml Cam Şişe,Eker,Gıda Ürünleri,İçecek
Uludağ Limonata 2 L Pet Şişe,Uludağ,Gıda Ürünleri,İçecek
Uludağ Limonata 1 L Pet Şişe,Uludağ,Gıda Ürünleri,İçecek
Uludağ Limonata 330 ml Pet Şişe,Uludağ,Gıda Ürünleri,İçecek
Uludağ Limonata 6x250 ml Çoklu Paket,Uludağ,Gıda Ürünleri,İçecek
Uludağ Frutti Extra Mandalinalı Doğal Zengin Mineralli Gazlı içecek 250 ml Cam Şişe,Uludağ,Gıda Ürünleri,Gazlı İçecek
Uludağ Frutti Extra Armutlu Doğal Zengin Mineralli Gazlı içecek 250 ml Cam Şişe,Uludağ,Gıda Ürünleri,Gazlı İçecek
Uludağ Frutti Extra Yeşil Limonlu Doğal Zengin Mineralli Gazlı içecek 250 ml Cam Şişe,Uludağ,Gıda Ürünleri,Gazlı İçecek
Uludağ Frutti Extra Kavunlu Doğal Zengin Mineralli Gazlı içecek 250 ml Cam Şişe,Uludağ,Gıda Ürünleri,Gazlı İçecek
Uludağ Frutti Extra Orman Meyveli Doğal Zengin Mineralli Gazlı içecek 250 ml Cam Şişe,Uludağ,Gıda Ürünleri,Gazlı İçecek
Uludağ Frutti C Max Portakal Aromalı 6x200 ml Çoklu Paket,Aroma,Gıda Ürünleri,"('Meyve Suyu', 'İçecek')"
Uludağ Frutti C Max Portakal Aromalı 200 ml Cam Şişe,Aroma,Gıda Ürünleri,"('Meyve Suyu', 'İçecek')"
Uludağ Frutti C Max kivi Aromalı 6x200 ml Çoklu Paket,Aroma,Gıda Ürünleri,"('Meyve Suyu', 'İçecek')"
Uludağ Frutti C Max Kivi Aromalı 200 ml Cam Şişe,Aroma,Gıda Ürünleri,"('Meyve Suyu', 'İçecek')"
Uludağ Frutti C Max Limon Aromalı 6x200 ml Çoklu Paket,Aroma,Gıda Ürünleri,"('Meyve Suyu', 'İçecek')"
Uludağ Frutti C Max Limon Aromalı 200 ml Cam Şişe,Aroma,Gıda Ürünleri,"('Meyve Suyu', 'İçecek')"
Uludağ Frutti Narlı 6x200 ml Çoklu Paket,Uludağ,Gıda Ürünleri,"('Meyve Suyu', 'İçecek')"
Uludağ Limonata 250 ml Cam Şişe,Uludağ,Gıda Ürünleri,İçecek
Uludağ Limonata 250 ml Pet Şişe,Uludağ,Gıda Ürünleri,İçecek
Fazz Enerji içeceği 500 ml, Fazz,Gıda Ürünleri,Enerji İçeceği
Fazz Enerji içeceği 250 ml, Fazz,Gıda Ürünleri,Enerji İçeceği
Deep Enerji Kutu 1L Pet Şişe, Deep,Gıda Ürünleri,Enerji İçeceği
Deep Enerji Kutu 250 ml, Deep,Gıda Ürünleri,Enerji İçeceği
Deep Enerji Kutu 500 ml, Deep,Gıda Ürünleri,Enerji İçeceği
"Uludağ Sarı 2,5 L",Uludağ,Gıda Ürünleri,Diğer Gıda
Efsane Uludağ Gazozu Çilek,Uludağ,Gıda Ürünleri,Gazlı İçecek
Uludağ Sıfır Tonik Pet 1 Lt 4′lü Paket,Uludağ,Gıda Ürünleri,Diğer Gıda
Uludağ Sıfır Tonik Cam 250 ml 6′lı Paket,Uludağ,Gıda Ürünleri,Diğer Gıda
Uludağ Sıfır Tonik Cam 250 ml,Uludağ,Gıda Ürünleri,Diğer Gıda
Efsane Uludağ Gazozu Portakallı 330 ml Kutu,Uludağ,Gıda Ürünleri,Gazlı İçecek
Efsane Uludağ Gazozu Portakallı 6x250 ml Çoklu Paket,Uludağ,Gıda Ürünleri,Gazlı İçecek
Efsane Uludağ Gazozu Portakallı 250 ml Cam Şişe,Uludağ,Gıda Ürünleri,Gazlı İçecek
Efsane Uludağ Gazozu 4x1 Çoklu Paket,Uludağ,Gıda Ürünleri,Gazlı İçecek
"Efsane Uludağ Gazozu 2,5 L Pet Şişe",Uludağ,Gıda Ürünleri,Gazlı İçecek
"Efsane Uludağ Gazozu 1,5 L Pet Şişe",Uludağ,Gıda Ürünleri,Gazlı İçecek
Efsane Uludağ Gazozu 1L Pet Şişe,Uludağ,Gıda Ürünleri,Gazlı İçecek
Efsane Uludağ Gazozu 330 ml Kutu,Uludağ,Gıda Ürünleri,Gazlı İçecek
Efsane Uludağ Gazozu 6x250 ml Çoklu Paket,Uludağ,Gıda Ürünleri,Gazlı İçecek
Efsane Uludağ Gazozu 250 ml Cam Şişe,Uludağ,Gıda Ürünleri,Gazlı İçecek
Uludağ Frutti Extra Yeşil Limon Pet 1 LT 4 lü Paket,Uludağ,Gıda Ürünleri,"('Meyve Suyu', 'İçecek')"
Uludağ Frutti Extra Mandalina Pet 1 LT 4 lü Paket,Uludağ,Gıda Ürünleri,"('Meyve Suyu', 'İçecek')"
Uludağ Frutti Extra Orman Meyveli Pet 1 LT 4 lü Paket,Uludağ,Gıda Ürünleri,"('Meyve Suyu', 'İçecek')"
Uludağ Frutti Extra Kavun Cam 250 ml 6′lı Paket,Uludağ,Gıda Ürünleri,"('Meyve Suyu', 'İçecek')"
Uludağ Frutti Extra Mandalina Cam 250 ml 6′lı Paket,Uludağ,Gıda Ürünleri,"('Meyve Suyu', 'İçecek')"
Uludağ Frutti Extra Yeşil Limon Cam 250 ml 6′lı Paket,Uludağ,Gıda Ürünleri,"('Meyve Suyu', 'İçecek')"
Uludağ Frutti Extra Tropik Cam 250 ml 6′lı Paket,Uludağ,Gıda Ürünleri,"('Meyve Suyu', 'İçecek')"
Uludağ Frutti Extra Armut Cam 250 ml 6′lı Paket,Uludağ,Gıda Ürünleri,"('Meyve Suyu', 'İçecek')"
Uludağ Frutti Extra Orman Meyveleri Cam 250 ml 6′lı Paket,Uludağ,Gıda Ürünleri,"('Meyve Suyu', 'İçecek')"
Uludağ Frutti Extra Yeşil Limonlu Doğal Zengin Mineralli Gazlı içecek 1 Litre Pet Şişe,Uludağ,Gıda Ürünleri,Gazlı İçecek
Uludağ Frutti Extra Mandalinalı Doğal Zengin Mineralli Gazlı içecek 1 Litre Pet Şişe,Uludağ,Gıda Ürünleri,Gazlı İçecek
Uludağ Frutti Extra Orman Meyveli Doğal Zengin Mineralli Gazlı içecek 1 Litre Pet Şişe,Uludağ,Gıda Ürünleri,Gazlı İçecek
Uludağ Frutti Extra Greyfurtlu Doğal Zengin Mineralli Gazlı içecek 250 ml Cam Şişe,Uludağ,Gıda Ürünleri,Gazlı İçecek
Uludağ Frutti Extra Tropik Doğal Zengin Mineralli Gazlı içecek 250 ml Cam Şişe,Uludağ,Gıda Ürünleri,Gazlı İçecek
Uludağ Premium Doğal Kaynak Suyu 750 ml cam şişe,Uludağ,Gıda Ürünleri,"('Meyve Suyu', 'İçecek')"
Uludağ Premium Doğal Maden Suyu 250 ml Cam Şişe,Uludağ,Gıda Ürünleri,"('Meyve Suyu', 'İçecek')"
Uludağ Doğal Maden Suyu 6x200 ml Cam Şişe,Uludağ,Gıda Ürünleri,"('Meyve Suyu', 'İçecek')"
Uludağ Premium 2 L Pet Şişe,Uludağ,Gıda Ürünleri,Su
Uludağ Premium 330 ml cam şişe,Uludağ,Gıda Ürünleri,Su
Uludağ Doğal Maden Suyu 200 ml cam şişe,Uludağ,Gıda Ürünleri,"('Meyve Suyu', 'İçecek')"
Uludağ Premium 1 L Pet Şişe,Uludağ,Gıda Ürünleri,Su
Uludağ Premium 400 ml Pet Şişe,Uludağ,Gıda Ürünleri,Su
Tadelle Fındık Dolgulu Sütlü Çikolata,Tadelle,Gıda Ürünleri,"('Çikolata', 'Atıştırmalık')"
Fiskobirlik Nuga 700 gr,Nuga,Gıda Ürünleri,"('Çikolata', 'Atıştırmalık')"
Sarelle Fındık Ezmesi 350 gr,Sarelle,Gıda Ürünleri,Kahvaltılık
Efsane Uludağ Gazozu Zencefil,Uludağ,Gıda Ürünleri,Gazlı İçecek
Efsane Uludağ Gazozu Portakallı Şekersiz 1L Pet Şişe,Uludağ,Gıda Ürünleri,Gazlı İçecek
Efsane Uludağ Gazozu Portakallı Şekersiz 6x250 ml Cam Şişe,Uludağ,Gıda Ürünleri,Gazlı İçecek
Efsane Uludağ Gazozu Portakallı Şekersiz 250 ml Cam Şişe,Uludağ,Gıda Ürünleri,Gazlı İçecek
Efsane Uludağ Gazozu Şekersiz 4x1L Çoklu Paket,Uludağ,Gıda Ürünleri,Gazlı İçecek
Efsane Uludağ Gazozu Şekersiz 1 L Pet Şişe,Uludağ,Gıda Ürünleri,Gazlı İçecek
Efsane Uludağ Gazozu Şekersiz 6x250 ml Çoklu Paket,Uludağ,Gıda Ürünleri,Gazlı İçecek
Efsane Uludağ Gazozu Şekersiz 250 Cam Şişe,Uludağ,Gıda Ürünleri,Gazlı İçecek
"Efsane Uludağ Gazozu Portakallı 2,5 L Pet Şişe",Uludağ,Gıda Ürünleri,Gazlı İçecek
"Efsane Uludağ Gazozu Portakallı 1,5 L Pet Şişe",Uludağ,Gıda Ürünleri,Gazlı İçecek
Efsane Uludağ Gazozu Portakallı 4x1 L Çoklu Paket,Uludağ,Gıda Ürünleri,Gazlı İçecek
Efsane Uludağ Gazozu Portakallı 1 L Pet Şişe,Uludağ,Gıda Ürünleri,Gazlı İçecek
Tamek Meyve Pürem Elma,Tamek,Gıda Ürünleri,Diğer Gıda
Tamek %100 Domates Suyu,Tamek,Gıda Ürünleri,"('Meyve Suyu', 'İçecek')"
Tamek %100 Elma- Vişne Suyu,Tamek,Gıda Ürünleri,"('Meyve Suyu', 'İçecek')"
Tamek %100 Karışık Meyve Suyu,Tamek,Gıda Ürünleri,"('Meyve Suyu', 'İçecek')"
Tamek %100 Portakal Suyu,Tamek,Gıda Ürünleri,"('Meyve Suyu', 'İçecek')"
Tamek %100 Elma Suyu,Tamek,Gıda Ürünleri,"('Meyve Suyu', 'İçecek')"
Tamek %100 Şeftali - Elma Suyu,Tamek,Gıda Ürünleri,"('Meyve Suyu', 'İçecek')"
Tamek Meşhur Kahverengi Şişe Vişne Nektarı,Tamek,Gıda Ürünleri,İçecek
Tamek Meşhur Kahverengi Şişe Kayısı Nektarı,Tamek,Gıda Ürünleri,İçecek
Tamek Meşhur Kahverengi Şişe Şeftali Nektarı,Tamek,Gıda Ürünleri,İçecek
Tamek Karadut içeceği,Tamek,Gıda Ürünleri,İçecek
Tamek Armut Meyveli içecek,Tamek,Gıda Ürünleri,İçecek
Tamek Portakal Nektarı,Tamek,Gıda Ürünleri,İçecek
Tamek Vişne Nektarı,Tamek,Gıda Ürünleri,İçecek
Tamek Karışık Meyve Nektarı,Tamek,Gıda Ürünleri,İçecek
Tamek Kayısı Nektarı,Tamek,Gıda Ürünleri,İçecek
Tamek Şeftali Nektarı,Tamek,Gıda Ürünleri,İçecek
DiMES Kahverengi Şişe Klasik Karışık Meyve Nektarı,Dimes,Gıda Ürünleri,İçecek
DiMES Kahverengi Şişe Klasik Şeftali Nektarı,Dimes,Gıda Ürünleri,İçecek
DiMES Kahverengi Şişe Klasik Kayısı Nektarı,Dimes,Gıda Ürünleri,İçecek
DiMES Kahverengi Şişe Klasik Vişne içeceği,Dimes,Gıda Ürünleri,İçecek
DiMES Çiftlikyolu Yağlı Süt,Dimes,Gıda Ürünleri,"('Süt', 'Kahvaltılık')"
DiMES Çiftlikyolu Yarım Yağlı Süt,Dimes,Gıda Ürünleri,"('Süt', 'Kahvaltılık')"
DiMES Çiftlikyolu Salep,Dimes,Gıda Ürünleri,Sıcak İçecek
DiMES Küçük Prens Kakaolu Süt,Dimes,Gıda Ürünleri,"('Süt', 'Kahvaltılık')"
DiMES Küçük Prens Muzlu Süt,Dimes,Gıda Ürünleri,"('Süt', 'Kahvaltılık')"
DiMES Küçük Prens Sade Süt,Dimes,Gıda Ürünleri,"('Süt', 'Kahvaltılık')"
DiMES Küçük Prens Elma-Muz-Çilek,Dimes,Gıda Ürünleri,Diğer Gıda
DiMES Geleneksel Osmanlı Şırası,Aslı,Gıda Ürünleri,Diğer Gıda
DiMES Buzz Şeftali,Dimes,Gıda Ürünleri,Diğer Gıda
DiMES Buzz Limon,Dimes,Gıda Ürünleri,Diğer Gıda
DiMES Şekersiz Limonata,Eker,Gıda Ürünleri,İçecek
DiMES Sade Limonata,Atak,Gıda Ürünleri,İçecek
DiMES Go Kayısı,Dimes,Gıda Ürünleri,Diğer Gıda
DiMES Go Şeftali,Dimes,Gıda Ürünleri,Diğer Gıda
DiMES Go Vişne,Dimes,Gıda Ürünleri,Diğer Gıda
DiMES Go Karışık,Dimes,Gıda Ürünleri,Diğer Gıda
DiMES 7/24 Tahıllı,Dimes,Gıda Ürünleri,Diğer Gıda
DiMES Özel Seri Rende Elma,Dimes,Gıda Ürünleri,Diğer Gıda
DiMES Özel Seri Xpress C,Dimes,Gıda Ürünleri,Diğer Gıda
DiMES Özel Seri Sofram,Dimes,Gıda Ürünleri,Diğer Gıda
DiMES Premium %100 Domates Suyu,Dimes,Gıda Ürünleri,"('Meyve Suyu', 'İçecek')"
DiMES Premium %100 Üzüm Suyu,Dimes,Gıda Ürünleri,"('Meyve Suyu', 'İçecek')"
DiMES Premium %100 Nar Suyu,Dimes,Gıda Ürünleri,"('Meyve Suyu', 'İçecek')"
DiMES Premium %100 Kırmızı Karışık Meyveler,Dimes,Gıda Ürünleri,Su
DiMES Premium %100 Elma Suyu,Dimes,Gıda Ürünleri,"('Meyve Suyu', 'İçecek')"
DiMES Premium %100 Portakal Suyu,Dimes,Gıda Ürünleri,"('Meyve Suyu', 'İçecek')"
DiMES Premium %100 Elma-Şeftali Suyu,Dimes,Gıda Ürünleri,"('Meyve Suyu', 'İçecek')"
Aroma Limon Aromalı Doğal Mineralli Gazlı içecek,Aroma,Gıda Ürünleri,Gazlı İçecek
Aroma %100 Portakal Suyu,Aroma,Gıda Ürünleri,"('Meyve Suyu', 'İçecek')"
Aroma %100 Mango Elma Suyu,Aroma,Gıda Ürünleri,"('Meyve Suyu', 'İçecek')"
Aroma %100 Karışık Meyve Suyu,Aroma,Gıda Ürünleri,"('Meyve Suyu', 'İçecek')"
Aroma %100 Domates Suyu,Aroma,Gıda Ürünleri,"('Meyve Suyu', 'İçecek')"
Aroma %100 Elma Suyu,Aroma,Gıda Ürünleri,"('Meyve Suyu', 'İçecek')"
Aroma %100 Nar Elma Suyu,Aroma,Gıda Ürünleri,"('Meyve Suyu', 'İçecek')"
Aroma %100 Vişne-Elma Suyu,Aroma,Gıda Ürünleri,"('Meyve Suyu', 'İçecek')"
Aroma %100 Kayısı-Elma Suyu,Aroma,Gıda Ürünleri,"('Meyve Suyu', 'İçecek')"
Aroma %100 Şeftali-Elma Suyu,Aroma,Gıda Ürünleri,"('Meyve Suyu', 'İçecek')"
Doğuş Karadeniz Export Çay, Doğuş,Gıda Ürünleri,Sıcak İçecek
Doğuş Bergamot Aromalı Çay, Doğuş,Gıda Ürünleri,"('Meyve Suyu', 'İçecek')"
Çaykur Organik Hemşin Demlik Poşet Çayı,Çaykur,Gıda Ürünleri,"('Çay', 'Sıcak İçecek')"
Çaykur Organik Hemşin Çayı,Çaykur,Gıda Ürünleri,"('Çay', 'Sıcak İçecek')"
Çaykur Beyaz iksir,Çaykur,Gıda Ürünleri,Diğer Gıda
Çaykur Burcum Yeşil Çay,Çaykur,Gıda Ürünleri,Sıcak İçecek
Çaykur Yaprak Yeşil Çay (Naneli),Çaykur,Gıda Ürünleri,Sıcak İçecek
Çaykur Yeşil Süzen Çay Elmalı,Çaykur,Gıda Ürünleri,Sıcak İçecek
Çaykur Yeşil Süzen Çay Limonlu,Çaykur,Gıda Ürünleri,Sıcak İçecek
Çaykur Yeşil Süzen Çay Melisalı,Çaykur,Gıda Ürünleri,Sıcak İçecek
Çaykur Yeşil Süzen Çay Naneli,Çaykur,Gıda Ürünleri,Sıcak İçecek
Çaykur Yeşil Süzen Çay Sade,Çaykur,Gıda Ürünleri,Sıcak İçecek
Çaykur Demlik Süzen Poşet Çay,Çaykur,Gıda Ürünleri,Sıcak İçecek
Çaykur Tomurcuk Çay,Çaykur,Gıda Ürünleri,Sıcak İçecek
Çaykur DiDi Limon Aromalı 1Lt. Tetrapak,Çaykur,Gıda Ürünleri,Soğuk çay
Çaykur DiDi Limon Aromalı 1 Lt.,Çaykur,Gıda Ürünleri,Soğuk çay
Çaykur DiDi Şeftali Aromalı 1 Lt.,Çaykur,Gıda Ürünleri,Soğuk çay
Çaykur DiDi Bergamot Aromalı 1Lt.,Çaykur,Gıda Ürünleri,Soğuk çay
Çaykur DiDi Bergamot Aromalı 1.5 Lt.,Çaykur,Gıda Ürünleri,Soğuk çay
Çaykur DiDi Şeftali Aromalı 1.5 Lt.,Çaykur,Gıda Ürünleri,Soğuk çay
Çaykur DiDi Limon Aromalı 1.5 Lt.,Çaykur,Gıda Ürünleri,Soğuk çay
Çaykur DiDi Bergamot Aromalı 2.5 lt,Çaykur,Gıda Ürünleri,Soğuk çay
Çaykur DiDi Şeftali Aromalı 2.5 lt,Çaykur,Gıda Ürünleri,Soğuk çay
Çaykur DiDi Limon Aromalı 2.5 lt,Çaykur,Gıda Ürünleri,Soğuk çay
Çaykur Organik Zümrüt Yeşil Çay,Çaykur,Gıda Ürünleri,Sıcak İçecek
Çaykur Organik Rize Çayı,Çaykur,Gıda Ürünleri,"('Çay', 'Sıcak İçecek')"
Doğuş Tiryaki Karadeniz Çayı,Doğuş,Gıda Ürünleri,"('Çay', 'Sıcak İçecek')"
Doğuş Karadeniz Çayı,Doğuş,Gıda Ürünleri,"('Çay', 'Sıcak İçecek')"
Doğuş Geleneksel Rize Çay, Doğuş,Gıda Ürünleri,Sıcak İçecek
Doğuş Gurme Çay, Doğuş,Gıda Ürünleri,Sıcak İçecek
Doğuş Filiz Çayı,Doğuş,Gıda Ürünleri,"('Çay', 'Sıcak İçecek')"
Çaykur DiDi Mini 250 ml Çilek Aromalı,Çaykur,Gıda Ürünleri,Soğuk çay
Çaykur DiDi Mini 250 ml Şeftali Aromalı,Çaykur,Gıda Ürünleri,Soğuk çay
Çaykur DiDi Mini 250 ml Limon Aromalı,Çaykur,Gıda Ürünleri,Soğuk çay
Çaykur DiDi 500 ml Bergamot Aromalı,Çaykur,Gıda Ürünleri,Soğuk çay
Çaykur DiDi 500 ml Şeftali Aromalı,Çaykur,Gıda Ürünleri,Soğuk çay
Çaykur DiDi 500 ml Limon Aromalı,Çaykur,Gıda Ürünleri,Soğuk çay
Çaykur DiDi Şeftali Aromalı 1 Lt. Tetrapak,Çaykur,Gıda Ürünleri,Soğuk çay
Sarelle Kakaolu Fındık Ezmesi 700 gr,Sarelle,Gıda Ürünleri,Kahvaltılık
Kahve Dünyası 3ü 1 Arada Klasik 100 gr,Kahve Dünyası,Gıda Ürünleri,"('Kahve', 'Sıcak İçecek')"
Beyoğlu Çikolatacısı Fındıklı Sütlü Çikolata 100 gr,Beyoğlu,Gıda Ürünleri,"('Çikolata', 'Atıştırmalık')"
L’era Fresca Limonlu Sorbe,L’era Fresca,Gıda Ürünleri,"('Dondurma', 'Atıştırmalık')"
L’era Fresca Çikolatalı Hindistan Cevizli Dondurma,L’era Fresca,Gıda Ürünleri,"('Dondurma', 'Atıştırmalık')"
L’era Fresca Çilekli Sorbe,L’era Fresca,Gıda Ürünleri,"('Dondurma', 'Atıştırmalık')"
L’era Fresca Tahin Cevizli Dondurma,L’era Fresca,Gıda Ürünleri,"('Dondurma', 'Atıştırmalık')"
L’era Fresca Sütlü Çikolatalı Dondurma,L’era Fresca,Gıda Ürünleri,"('Dondurma', 'Atıştırmalık')"
L’era Fresca Sade Dondurma,L’era Fresca,Gıda Ürünleri,"('Dondurma', 'Atıştırmalık')"
L’era Fresca Fındıklı Dondurma,L’era Fresca,Gıda Ürünleri,"('Dondurma', 'Atıştırmalık')"
L’era Fresca Bitter Çikolatalı Dondurma,L’era Fresca,Gıda Ürünleri,"('Dondurma', 'Atıştırmalık')"
L’era Fresca Antep Fıstıklı Dondurma,L’era Fresca,Gıda Ürünleri,"('Dondurma', 'Atıştırmalık')"
DiMES Premium %100 Elma-Vişne Suyu,Dimes,Gıda Ürünleri,"('Meyve Suyu', 'İçecek')"
DiMES Premium %100 Ananas Suyu,Dimes,Gıda Ürünleri,"('Meyve Suyu', 'İçecek')"
DiMES Premium %100 Karışık Meyveler,Dimes,Gıda Ürünleri,Su
DiMES Moments Sıkma Nar,Dimes,Gıda Ürünleri,"('Meyve Suyu', 'İçecek')"
DiMES Moments Sıkma Elma,Dimes,Gıda Ürünleri,"('Meyve Suyu', 'İçecek')"
DiMES Moments Sıkma Portakal,Akbal,Gıda Ürünleri,"('Meyve Suyu', 'İçecek')"
Aroma Şeftali Aromalı Gazlı içecek,Aroma,Gıda Ürünleri,Gazlı İçecek
Aroma Mandalinalı Gazlı içecek,Aroma,Gıda Ürünleri,Gazlı İçecek
Aroma Ahududu Aromalı Gazlı içecek,Aroma,Gıda Ürünleri,Gazlı İçecek
Aroma Limon Aromalı C Plus Doğal Mineralli Gazlı içecek,Aroma,Gıda Ürünleri,Gazlı İçecek
Aroma Vişne Aromalı Doğal Mineralli Gazlı içecek,Aroma,Gıda Ürünleri,Gazlı İçecek
Aroma Elma Aromalı Doğal Mineralli Gazlı içecek,Aroma,Gıda Ürünleri,Gazlı İçecek
Tamek Coffeeto Cappuccino,Tamek,Gıda Ürünleri,"('Kahve', 'Sıcak İçecek')"
Tamek Coffeeto Vanilya,Tamek,Gıda Ürünleri,"('Kahve', 'Sıcak İçecek')"
Tamek Coffeeto Klasik,Tamek,Gıda Ürünleri,"('Kahve', 'Sıcak İçecek')"
Tamek Soğuk Çay Şeftali,Tamek,Gıda Ürünleri,Soğuk çay
Tamek Soğuk Çay Limon,Tamek,Gıda Ürünleri,Soğuk çay
Tamek Ananas Aromalı içecek,Tamek,Gıda Ürünleri,"('Meyve Suyu', 'İçecek')"
Tamek Mango Aromalı içecek,Tamek,Gıda Ürünleri,"('Meyve Suyu', 'İçecek')"
Tamek Tanelim,Tamek,Gıda Ürünleri,Diğer Gıda
Tamek Saray Şerbeti,Tamek,Gıda Ürünleri,İçecek
Tamek Limonatam,Tamek,Gıda Ürünleri,Diğer Gıda
"Tamek Meyve Pürem Armut, Elma, Çilek",Tamek,Gıda Ürünleri,Diğer Gıda
"Tamek Meyve Pürem Elma, Şeftali",Tamek,Gıda Ürünleri,Diğer Gıda
Tadelle Bitter Çikolata Kaplamalı Kakaolu Gofret 35 g,Tadelle,Gıda Ürünleri,"('Bisküvi', 'Atıştırmalık')"
Tadelle Beyaz Çikolata Kaplamalı Süt Krema Dolgulu Gofret 35 g,Tadelle,Gıda Ürünleri,"('Bisküvi', 'Atıştırmalık')"
Tadelle King Size Fındık Dolgulu Sütlü Çikolata 52 g,Tadelle,Gıda Ürünleri,"('Çikolata', 'Atıştırmalık')"
Tadelle King Size Fındık Dolgulu Sütlü Çikolata 40 g,Tadelle,Gıda Ürünleri,"('Çikolata', 'Atıştırmalık')"
Tadelle Beyaz  Çikolata Kaplı  Fındık Dolgulu  Sütlü Çikolata 30 g,Tadelle,Gıda Ürünleri,"('Çikolata', 'Atıştırmalık')"
Tadelle Fındık Dolgulu Bitter Çikolata 30 g,Tadelle,Gıda Ürünleri,"('Çikolata', 'Atıştırmalık')"
Tadelle Fındık Dolgulu Sütlü Çikolata 30 g,Tadelle,Gıda Ürünleri,"('Çikolata', 'Atıştırmalık')"
Kurukahveci Mehmet Efendi - KAKAO 250 g,Kurukahveci Mehmet Efendi,Gıda Ürünleri,Diğer Gıda
Kurukahveci Mehmet Efendi - ESPRESSO (ÇEKiRDEK) 500 / 1000 g,Kurukahveci Mehmet Efendi,Gıda Ürünleri,"('Kahve', 'Sıcak İçecek')"
Kurukahveci Mehmet Efendi - ESPRESSO 250 g,Kurukahveci Mehmet Efendi,Gıda Ürünleri,"('Kahve', 'Sıcak İçecek')"
Kurukahveci Mehmet Efendi - Press Pot,Kurukahveci Mehmet Efendi,Gıda Ürünleri,Diğer Gıda
Kurukahveci Mehmet Efendi - COLOMBıAN FiLTRE KAHVE (ÇEKiRDEK) 500 / 1000 g,Kurukahveci Mehmet Efendi,Gıda Ürünleri,"('Kahve', 'Sıcak İçecek')"
Besler Ona Mısırözü Yağı,Besler,Gıda Ürünleri,Yağ
Besler Ona Ayçiçek Yağı Teneke,Besler,Gıda Ürünleri,Yağ
Besler Ona Ayçiçek Yağı,Besler,Gıda Ürünleri,Yağ
Besler Sabah Margarin,Besler,Gıda Ürünleri,Yağ
Besler Hüner Margarin,Besler,Gıda Ürünleri,Yağ
Besler Halk Kase Margarin,Besler,Gıda Ürünleri,Yağ
Besler Halk Margarin,Besler,Gıda Ürünleri,Yağ
Besler Yayla Kase Margarin,Besler,Gıda Ürünleri,Yağ
Besler Yayla Margarin,Besler,Gıda Ürünleri,Yağ
Besler Luna Klasik,Besler,Gıda Ürünleri,Diğer Gıda
Besler Bizim Mısırözü Yağı Besler,Eker,Gıda Ürünleri,Yağ
Besler Bizim Mısırözü Yağı,Besler,Gıda Ürünleri,Yağ
Aynes ViŞNE KOMPOSTOSU,Aynes,Gıda Ürünleri,Atıştırmalık
Aynes ŞEFTALi KOMPOSTOSU,Aynes,Gıda Ürünleri,Atıştırmalık
Aynes TAM YAĞLı KREMA,Aynes,Gıda Ürünleri,Diğer Gıda
Aynes RULO TEREYAĞı,Aynes,Gıda Ürünleri,Yağ
Aynes ŞiŞE AYRAN,Aynes,Gıda Ürünleri,İçecek
Aynes BARDAK AYRAN,Aynes,Gıda Ürünleri,İçecek
Aynes MEYVELi YOĞURT,Aynes,Gıda Ürünleri,Yoğurt
Aynes SÜZME YOĞURT,Aynes,Gıda Ürünleri,Yoğurt
Aynes KAYMAKSıZ YOĞURT,Aynes,Gıda Ürünleri,Yoğurt
Aynes KAYMAKLı YOĞURT,Aynes,Gıda Ürünleri,Yoğurt
Aynes SÜRÜLEBiLiR BEYAZ PEYNiR,Aynes,Gıda Ürünleri,Kahvaltılık
Aynes DiLiMLi KAŞAR PEYNiRi,Aynes,Gıda Ürünleri,Kahvaltılık
Kafkas Kestane Şekeri Bütün Pls Kap 1000 Gr,Kafkas,Gıda Ürünleri,"('Şekerleme', 'Atıştırmalık')"
Kafkas Kestane Şekeri Sade Büyük 650 Gr,Kafkas,Gıda Ürünleri,"('Şekerleme', 'Atıştırmalık')"
Kafkas Saray Helvası Vanilyalı 300 Gr,Kafkas,Gıda Ürünleri,Kahvaltılık
Kafkas Saray Helvası Çikolata Kaplı 350 Gr,Kafkas,Gıda Ürünleri,"('Çikolata', 'Atıştırmalık')"
Kafkas Pişmaniye Vanilya-Kakao 450 Gr,Kafkas,Gıda Ürünleri,Diğer Gıda
Kafkas Pişmaniye ve Saray Helva Çeşitleri 600 Gr,Kafkas,Gıda Ürünleri,Kahvaltılık
Kafkas Krokan Antep Fıstıklı 35 Gr,Kafkas,Gıda Ürünleri,Diğer Gıda
Kafkas Krokan Fındıklı 45 Gr,Kafkas,Gıda Ürünleri,Diğer Gıda
Kafkas Dolgulu Meyve Kuru Kayısı 8 li,Kafkas,Gıda Ürünleri,Diğer Gıda
Kafkas Kestane Şekeri 8 li Bitter Çikolata Kaplı,Kafkas,Gıda Ürünleri,"('Çikolata', 'Atıştırmalık')"
Kafkas Kestaneli Şekerlemesi Dolgulu 240 Gr,Kafkas,Gıda Ürünleri,Diğer Gıda
Çaykur Rize Turist Çayı,Çaykur,Gıda Ürünleri,"('Çay', 'Sıcak İçecek')"
Çaykur Bergamot Aromalı Karadeniz Çayı,Çaykur,Gıda Ürünleri,"('Meyve Suyu', 'İçecek')"
Çaykur Tiryaki Çayı,Çaykur,Gıda Ürünleri,"('Çay', 'Sıcak İçecek')"
Çaykur Filiz Çayı,Çaykur,Gıda Ürünleri,"('Çay', 'Sıcak İçecek')"
Çaykur Altınbaş,Çaykur,Gıda Ürünleri,Diğer Gıda
Çaykur Ramazan Çayı,Çaykur,Gıda Ürünleri,"('Çay', 'Sıcak İçecek')"
Çaykur Tamdem Bergamot Aromalı Çay,Aroma,Gıda Ürünleri,"('Meyve Suyu', 'İçecek')"
Kafkas Kestane Şekeri Cevizli 550 Gr,Kafkas,Gıda Ürünleri,"('Şekerleme', 'Atıştırmalık')"
Kafkas Kestane Şekeri Çikolatalı Büyük 560 Gr,Kafkas,Gıda Ürünleri,"('Şekerleme', 'Atıştırmalık')"
Kafkas Kestane Şekeri Baraklı Tuğra Teneke,Kafkas,Gıda Ürünleri,"('Şekerleme', 'Atıştırmalık')"
Kafkas Kestane Şekeri Baraklı Bursa Teneke,Kafkas,Gıda Ürünleri,"('Şekerleme', 'Atıştırmalık')"
Kafkas Kestane Şekeri Fantezi 1000 Gr,Kafkas,Gıda Ürünleri,"('Şekerleme', 'Atıştırmalık')"
Bifa Bisküvi STORM Snowcap - Hindistan Cevizli Çilekli Kakaolu Kek,Bifa Bisküvi,Gıda Ürünleri,"('Bisküvi', 'Atıştırmalık')"
Bifa Bisküvi STORM Snowcap - Hindistan Cevizli Kakaolu Kek,Bifa Bisküvi,Gıda Ürünleri,"('Bisküvi', 'Atıştırmalık')"
Adatepe Doğal Zeytinyağı Sabunu 135 gr.,Adatepe Doğal Zeytinyağı Sabunu 135 gr.,Gıda Ürünleri,Yağ
Adatepe Çizik Yeşil Salamura Zeytin,Adatepe,Gıda Ürünleri,Kahvaltılık
Adatepe Oval Teneke Naturel Sızma Zeytinyağı 500 ml,Adatepe,Gıda Ürünleri,Yağ
Adatepe Ekonomik Boy Teneke Naturel sızma Zeytinyağı 2 lt,Adatepe,Gıda Ürünleri,Yağ
Adatepe Köşeli Şişe Naturel Sızma Zeytinyağı 1lt,Adatepe,Gıda Ürünleri,Yağ
Tadelle Sütlü Çikolata Kaplamalı  Gofretli Fındıklı Granül Bar 32 g,Tadelle,Gıda Ürünleri,"('Çikolata', 'Atıştırmalık')"
Tadelle 3'lü Poşet Fındık Dolgulu Sütlü Çikolata,Tadelle,Gıda Ürünleri,"('Çikolata', 'Atıştırmalık')"
Tadelle 3'lü Poşet Fındık Dolgulu Sütlü Çikolata (30 g x 3 adet Fındık Dolgulu Sütlü Çikolata),Tadelle,Gıda Ürünleri,"('Çikolata', 'Atıştırmalık')"
Tadelle Fındık Dolgulu Şekersiz Sütlü Çikolata 20 g,Tadelle,Gıda Ürünleri,"('Çikolata', 'Atıştırmalık')"
Tadelle Sütlü Çikolata Kaplamalı Fındık Kremalı Gofret 35 g,Tadelle,Gıda Ürünleri,"('Bisküvi', 'Atıştırmalık')"
Aytaç Çiftlik Açık Dana Kangal Sucuk,Aytaç,Gıda Ürünleri,Kahvaltılık
Aytaç Çiftlik Piliç Salam 850 Gr,Aytaç,Gıda Ürünleri,Kahvaltılık
Aytaç Dilimli Kavurma,Aytaç,Gıda Ürünleri,Kahvaltılık
Aytaç Piliç Blok Jambon,Aytaç,Gıda Ürünleri,Kahvaltılık
Aytaç Dana Jambon,Aytaç,Gıda Ürünleri,Kahvaltılık
Aytaç Blok Kavurma,Aytaç,Gıda Ürünleri,Kahvaltılık
Aytaç Keyifli Et Lokmaları - Sade,Aytaç,Gıda Ürünleri,Et
Aytaç Keyifli Et Lokmaları - Kekikli,Aytaç,Gıda Ürünleri,Et
Aytaç Keyifli Et Lokmaları - Karabiberli,Aytaç,Gıda Ürünleri,Et
Aytaç Dana Kokteyl Sosis,Aytaç,Gıda Ürünleri,Kahvaltılık
Aytaç Piliç Kokteyl Sosis,Aytaç,Gıda Ürünleri,Kahvaltılık
Aytaç Dana Sosis 9'lu,Aytaç,Gıda Ürünleri,Kahvaltılık
Balparmak Monoflora Serisi,Balparmak,Gıda Ürünleri,Diğer Gıda
Balparmak Yöresel Serisi,Balparmak,Gıda Ürünleri,Diğer Gıda
Balparmak Süzme Çam Balı,Balparmak,Gıda Ürünleri,Kahvaltılık
Balparmak Süzme Çiçek Yayla ve Ova Balı,Balparmak,Gıda Ürünleri,Kahvaltılık
Balparmak Süzme Çiçek Yayla Balı,Balparmak,Gıda Ürünleri,Kahvaltılık
Balparmak Çıt Kapak Süzme Çiçek Balı 600 g (Özel Seçim),Balparmak,Gıda Ürünleri,Kahvaltılık
Balparmak Çıt Kapak Süzme Çiçek Balı 350 g (Özel Seçim),Balparmak,Gıda Ürünleri,Kahvaltılık
Balparmak Kavanoz Süzme Çiçek Balı 460 g (Özel Seçim),Balparmak,Gıda Ürünleri,Kahvaltılık
Balparmak Kavanoz Süzme Çiçek Balı 225 g (Özel Seçim),Balparmak,Gıda Ürünleri,Kahvaltılık
Bifa Bisküvi FENOMEN,Bifa,Gıda Ürünleri,"('Bisküvi', 'Atıştırmalık')"
Bifa Bisküvi RAUND,Bifa Bisküvi,Gıda Ürünleri,"('Bisküvi', 'Atıştırmalık')"
Bifa Bisküvi STORM Snowcap - Kakao Granüllü Kek,Bifa Bisküvi,Gıda Ürünleri,"('Bisküvi', 'Atıştırmalık')"
Aynes BARBıE ÇiLEK AROMALı SÜT,Aynes,Gıda Ürünleri,"('Meyve Suyu', 'İçecek')"
Aynes Kahvaltılık Süt,Aynes,Gıda Ürünleri,Kahvaltılık
Aynes Uzun Ömürlü Süt,Aynes,Gıda Ürünleri,"('Süt', 'Kahvaltılık')"
Aytaç Çiftlik Dilimli Kavurma,Aytaç,Gıda Ürünleri,Kahvaltılık
Aytaç Çiftlik Blok Kavurma,Aytaç,Gıda Ürünleri,Kahvaltılık
Aytaç Çiftlik Piliç Kokteyl Sosis 450 gr,Aytaç,Gıda Ürünleri,Kahvaltılık
Aytaç Çiftlik Piliç Kokteyl Sosis 225 gr,Aytaç,Gıda Ürünleri,Kahvaltılık
Aytaç Çiftlik Dana Kahvaltılık Salam,Aytaç,Gıda Ürünleri,Kahvaltılık
Aytaç Çiftlik Piliç Salam 600 Gr,Aytaç,Gıda Ürünleri,Kahvaltılık
Aytaç Çiftlik Piliç Baton Sucuk,Aytaç,Gıda Ürünleri,Kahvaltılık
Aytaç Çiftlik Dana Kangal Sucuk,Aytaç,Gıda Ürünleri,Kahvaltılık
Aytaç Çiftlik Piliç Kangal Sucuk,Aytaç,Gıda Ürünleri,Kahvaltılık
Besler Bizim Ayçiçek Yağı Teneke,Besler,Gıda Ürünleri,Yağ
Besler Bizim Ayçiçek Yağı,Besler,Gıda Ürünleri,Yağ
Besler Bizim Yağ Kase,Besler,Gıda Ürünleri,Yağ
Besler Bizim Yağ Paket Yağ,Besler,Gıda Ürünleri,Yağ
Besler Teremyağ Gurme Kaymaklı,Besler,Gıda Ürünleri,Diğer Gıda
Besler Teremyağ Klasik Kase,Besler,Gıda Ürünleri,Diğer Gıda
Besler  Teremyağ Klasik Paket 250 Gr,Besler,Gıda Ürünleri,Diğer Gıda
Balparmak 7’li Piknik,Balparmak,Gıda Ürünleri,Diğer Gıda
Balparmak Katla Balla,Balparmak,Gıda Ürünleri,Diğer Gıda
Balparmak Çocuk Grubu,Balparmak,Gıda Ürünleri,Diğer Gıda
Balparmak Balkovan,Balparmak,Gıda Ürünleri,Diğer Gıda
Balparmak Binbirçiçek,Balparmak,Gıda Ürünleri,Diğer Gıda
Aytaç Dilimli Piliç Sucuk,Aytaç,Gıda Ürünleri,Kahvaltılık
Aytaç Piliç Sucuk - Acılı,Aytaç,Gıda Ürünleri,Kahvaltılık
Aytaç Piliç Sucuk,Aytaç,Gıda Ürünleri,Kahvaltılık
Aytaç Dana Parmak Sucuk,Aytaç,Gıda Ürünleri,Kahvaltılık
Aytaç Mangal Keyfi Dana Sucuk,Aytaç,Gıda Ürünleri,Kahvaltılık
Aytaç Geleneksel Dana Kangal Sucuk,Aytaç,Gıda Ürünleri,Kahvaltılık
Aytaç Klasik Dana Sucuk - Acılı,Aytaç,Gıda Ürünleri,Kahvaltılık
Aytaç Klasik Dana Sucuk,Aytaç,Gıda Ürünleri,Kahvaltılık
Aytaç Gurme Dana Sucuk - Acılı,Aytaç,Gıda Ürünleri,Kahvaltılık
Aytaç Gurme Dana Sucuk,Aytaç,Gıda Ürünleri,Kahvaltılık
Aytaç Çerkeş Dana Sucuk Dilimli,Aytaç,Gıda Ürünleri,Kahvaltılık
Aytaç Çerkeş Dana Sucuk - Acılı,Aytaç,Gıda Ürünleri,Kahvaltılık
Saray Bisküvi - Powernut  3'lü,Saray Bisküvi,Gıda Ürünleri,"('Bisküvi', 'Atıştırmalık')"
Saray Bisküvi - Powernut,Saray Bisküvi,Gıda Ürünleri,"('Bisküvi', 'Atıştırmalık')"
Saray Bisküvi - Finger,Saray Bisküvi,Gıda Ürünleri,"('Bisküvi', 'Atıştırmalık')"
Saray Bisküvi - Susamlı,Saray Bisküvi,Gıda Ürünleri,"('Bisküvi', 'Atıştırmalık')"
Saray Bisküvi - Prens Vanilya Aromalı Kremalı Sandviç Bisküvi,Saray Bisküvi,Gıda Ürünleri,"('Meyve Suyu', 'İçecek')"
Saray Bisküvi - Prens Kakaolu Fındıklı Kremalı Sand. Bisküvi,Saray Bisküvi,Gıda Ürünleri,"('Bisküvi', 'Atıştırmalık')"
Saray Bisküvi - Prens Kakao Kremalı Sandviç Bisküvi,Saray Bisküvi,Gıda Ürünleri,"('Bisküvi', 'Atıştırmalık')"
Saray Bisküvi - Prens Kakaolu 500 gr,Saray Bisküvi,Gıda Ürünleri,"('Bisküvi', 'Atıştırmalık')"
Saray Bisküvi - Prens Vanilyalı 500 gr,Saray Bisküvi,Gıda Ürünleri,"('Bisküvi', 'Atıştırmalık')"
Saray Bisküvi - Prens Muzlu 200 gr,Saray Bisküvi,Gıda Ürünleri,"('Bisküvi', 'Atıştırmalık')"
Saray Bisküvi - Prens Çilekli 200 gr,Saray Bisküvi,Gıda Ürünleri,"('Bisküvi', 'Atıştırmalık')"
Saray Bisküvi - Prens Kakaolu 200 gr,Saray Bisküvi,Gıda Ürünleri,"('Bisküvi', 'Atıştırmalık')"
Aytaç Çerkeş Dana Sucuk,Aytaç,Gıda Ürünleri,Kahvaltılık
Aytaç Geleneksel Dana Sucuk,Aytaç,Gıda Ürünleri,Kahvaltılık
Aytaç Tam Tostluk Piliç Kare Sucuk - 4 Dilim,Aytaç,Gıda Ürünleri,Kahvaltılık
Aytaç Tam Tostluk Piliç Kare Sucuk - 7 Dilim,Aytaç,Gıda Ürünleri,Kahvaltılık
Aytaç Tam Tostluk Dana Kare Sucuk - 4 Dilim,Aytaç,Gıda Ürünleri,Kahvaltılık
Aytaç Tam Tostluk Dana Kare Sucuk - 7 Dilim,Aytaç,Gıda Ürünleri,Kahvaltılık
Aytaç Şipşak Piliç Kokteyl Sosis,Aytaç,Gıda Ürünleri,Kahvaltılık
Aytaç Şipşak Dana Baton Sucuk,Aytaç,Gıda Ürünleri,Kahvaltılık
Aytaç Şipşak Dilimli Macar Salam,Aytaç,Gıda Ürünleri,Kahvaltılık
Aytaç Şipşak Dilimli Piliç Salam,Aytaç,Gıda Ürünleri,Kahvaltılık
Saray Bisküvi - Offtime 3'lü,Saray Bisküvi,Gıda Ürünleri,"('Bisküvi', 'Atıştırmalık')"
Saray Bisküvi - Offtime,Saray Bisküvi,Gıda Ürünleri,"('Bisküvi', 'Atıştırmalık')"
Torku %100 Sıkma Üzüm Suyu - 250 ml,Torku,Gıda Ürünleri,"('Meyve Suyu', 'İçecek')"
Torku Bordo Limonlu Acılı Şalgam Suyu - 1000 ml,Torku,Gıda Ürünleri,"('Meyve Suyu', 'İçecek')"
Torku Bordo Limonlu Acılı Şalgam Suyu - 330 ml,Torku,Gıda Ürünleri,"('Meyve Suyu', 'İçecek')"
Torku Bordo Şalgam Suyu - 1000 ml (Cam Şişe),Torku,Gıda Ürünleri,"('Meyve Suyu', 'İçecek')"
Torku Bordo Şalgam Suyu - 1000 ml,Torku,Gıda Ürünleri,"('Meyve Suyu', 'İçecek')"
Torku Bordo Şalgam Suyu - 330 ml,Torku,Gıda Ürünleri,"('Meyve Suyu', 'İçecek')"
Torku Bordo Şalgam Suyu - 250 ml (Cam Şişe),Torku,Gıda Ürünleri,"('Meyve Suyu', 'İçecek')"
Torku Bordo Acılı Şalgam Suyu - 1000 ml (Cam Şişe),Torku,Gıda Ürünleri,"('Meyve Suyu', 'İçecek')"
Torku Bordo Acılı Şalgam Suyu - 1000 ml,Torku,Gıda Ürünleri,"('Meyve Suyu', 'İçecek')"
Torku Bordo Acılı Şalgam Suyu - 330 ml,Torku,Gıda Ürünleri,"('Meyve Suyu', 'İçecek')"
Torku Bordo Acılı Şalgam Suyu - 250 ml (Cam Şişe),Torku,Gıda Ürünleri,"('Meyve Suyu', 'İçecek')"
Torku Limonata - 1000 ml,Torku,Gıda Ürünleri,İçecek
Torku Limonata - 250 ml,Torku,Gıda Ürünleri,İçecek
Torku Tam Buğday Unlu Kraker,Torku,Gıda Ürünleri,"('Kraker', 'Atıştırmalık')"
Torku Tatkrak Peynirli Kraker - 100 gr,Torku,Gıda Ürünleri,"('Kraker', 'Atıştırmalık')"
Torku Tatkrak Peynirli Kraker - 40 gr,Torku,Gıda Ürünleri,"('Kraker', 'Atıştırmalık')"
Torku Tatkrak Baharatlı Kraker - 100 gr,Torku,Gıda Ürünleri,"('Kraker', 'Atıştırmalık')"
Torku Tatkrak Baharatlı Kraker - 40 gr,Torku,Gıda Ürünleri,"('Kraker', 'Atıştırmalık')"
Torku Susamlı Çubuk Kraker - 45 gr,Torku,Gıda Ürünleri,"('Kraker', 'Atıştırmalık')"
Torku Susamlı Çubuk Kraker - 136 gr,Torku,Gıda Ürünleri,"('Kraker', 'Atıştırmalık')"
Torku Baharatlı Çubuk Kraker - 45 gr,Torku,Gıda Ürünleri,"('Kraker', 'Atıştırmalık')"
Torku Baharatlı Çubuk Kraker - 120 gr,Torku,Gıda Ürünleri,"('Kraker', 'Atıştırmalık')"
Torku Peynirli Çubuk Kraker - 120 gr,Torku,Gıda Ürünleri,"('Kraker', 'Atıştırmalık')"
Torku Peynirli Çubuk Kraker - 45 gr,Torku,Gıda Ürünleri,"('Kraker', 'Atıştırmalık')"
Saray Bisküvi - LoveıT Kek - Frambuaz Kremalı,Saray Bisküvi,Gıda Ürünleri,"('Bisküvi', 'Atıştırmalık')"
Saray Bisküvi - LoveıT Kek - Kakaolu,Saray Bisküvi,Gıda Ürünleri,"('Bisküvi', 'Atıştırmalık')"
Saray Bisküvi - LoveıT Kek - Limon Aromalı,Saray Bisküvi,Gıda Ürünleri,"('Meyve Suyu', 'İçecek')"
Saray Bisküvi - Chocolips - 3'lü Paket,Saray Bisküvi,Gıda Ürünleri,"('Bisküvi', 'Atıştırmalık')"
Saray Bisküvi - Chocolips,Saray Bisküvi,Gıda Ürünleri,"('Bisküvi', 'Atıştırmalık')"
Torku Kırmızı Şerbet - 1 lt,Torku,Gıda Ürünleri,İçecek
Torku Kırmızı Şerbet  - 250 ml,Torku,Gıda Ürünleri,İçecek
Torku Yeşil Şerbet - 1 lt,Torku,Gıda Ürünleri,İçecek
Torku Yeşil Şerbet - 250 ml,Torku,Gıda Ürünleri,İçecek
Torku %100 Sıkma Elma Suyu - 1 lt,Torku,Gıda Ürünleri,"('Meyve Suyu', 'İçecek')"
Torku %100 Sıkma Elma Suyu - 250 ml,Torku,Gıda Ürünleri,"('Meyve Suyu', 'İçecek')"
Torku %100 Sıkma Üzüm Suyu - 1 lt,Torku,Gıda Ürünleri,"('Meyve Suyu', 'İçecek')"
Aynes KAŞAR,Aynes,Gıda Ürünleri,Kahvaltılık
Aynes KLASiK BEYAZ PEYNiR,Aynes,Gıda Ürünleri,Kahvaltılık
Aynes LOKUM KıVAMıNDA BEYAZ PEYNiR,Aynes,Gıda Ürünleri,Kahvaltılık
Aynes 1kg BEYAZ PEYNiR,Aynes,Gıda Ürünleri,Kahvaltılık
Aynes TAM YAĞLı BEYAZ PEYNiR,Aynes,Gıda Ürünleri,Kahvaltılık
Aynes NıNJA TURTLES SADE SÜT,Aynes,Gıda Ürünleri,"('Süt', 'Kahvaltılık')"
Aynes NıNJA TURTLES KAKAO AROMALı SÜT,Aynes,Gıda Ürünleri,"('Meyve Suyu', 'İçecek')"
Aynes NıNJA TURTLES MUZ AROMALı SÜT,Aynes,Gıda Ürünleri,"('Meyve Suyu', 'İçecek')"
Aynes NıNJA TURTLES ÇiLEK AROMALı SÜT,Aynes,Gıda Ürünleri,"('Meyve Suyu', 'İçecek')"
Aynes BARBıE SADE SÜT,Aynes,Gıda Ürünleri,"('Süt', 'Kahvaltılık')"
Aynes BARBıE KAKAO AROMALı SÜT,Aynes,Gıda Ürünleri,"('Meyve Suyu', 'İçecek')"
Aynes BARBıE MUZ AROMALı SÜT,Aynes,Gıda Ürünleri,"('Meyve Suyu', 'İçecek')"
Torku Acılı Çubuk Kraker - 120 gr,Torku,Gıda Ürünleri,"('Kraker', 'Atıştırmalık')"
Torku Acılı Çubuk Kraker - 45 gr,Torku,Gıda Ürünleri,"('Kraker', 'Atıştırmalık')"
Torku Klasik Tuzlu Çubuk Kraker - 120 gr,Torku,Gıda Ürünleri,"('Kraker', 'Atıştırmalık')"
Torku Klasik Tuzlu Çubuk Kraker - 36 gr,Torku,Gıda Ürünleri,"('Kraker', 'Atıştırmalık')"
Torku Miniki - Süt Kremalı Kakaolu Kek,Torku,Gıda Ürünleri,"('Kek', 'Atıştırmalık')"
Torku Favorimo - Mozaik Kek,Torku,Gıda Ürünleri,"('Kek', 'Atıştırmalık')"
Torku Favorimo - Meyveli Kek,Torku,Gıda Ürünleri,"('Kek', 'Atıştırmalık')"
Torku Favorimo - Fındıklı Kakaolu Kek,Torku,Gıda Ürünleri,"('Kek', 'Atıştırmalık')"
Torku Favorimo Çoko - Elmalı & Tarçınlı Kek,Torku,Gıda Ürünleri,"('Kek', 'Atıştırmalık')"
Torku Favorimo Çoko - Muz Soslu Kek,Torku,Gıda Ürünleri,"('Kek', 'Atıştırmalık')"
Torku Favorimo Çoko Çikolata Soslu Kek,Torku,Gıda Ürünleri,"('Kek', 'Atıştırmalık')"
Torku Favorimo Çoko - Ahududu Soslu Kek,Torku,Gıda Ürünleri,"('Kek', 'Atıştırmalık')"
Aytaç Dana Sosis 5'li,Aytaç,Gıda Ürünleri,Kahvaltılık
Aytaç Piliç Sosis 9'lu,Aytaç,Gıda Ürünleri,Kahvaltılık
Aytaç Piliç Sosis 5'li,Aytaç,Gıda Ürünleri,Kahvaltılık
Aytaç Piliç Salam 200 gr,Aytaç,Gıda Ürünleri,Kahvaltılık
Aytaç Piliç Salam 750 gr,Aytaç,Gıda Ürünleri,Kahvaltılık
Aytaç Kahvaltılık Dana Salam 1000 gr,Aytaç,Gıda Ürünleri,Kahvaltılık
Aytaç Kahvaltılık Dana Salam 200 gr,Aytaç,Gıda Ürünleri,Kahvaltılık
Aytaç Fıstıklı Macar Salam 200 gr,Aytaç,Gıda Ürünleri,Kahvaltılık
Aytaç Fıstıklı Macar Salam 1000 gr,Aytaç,Gıda Ürünleri,Kahvaltılık
Aytaç Macar Salam 1000 gr,Aytaç,Gıda Ürünleri,Kahvaltılık
Aytaç Piliç Baton Sucuk,Aytaç,Gıda Ürünleri,Kahvaltılık
Aytaç Mangal Keyfi Piliç Sucuk,Aytaç,Gıda Ürünleri,Kahvaltılık
Saray Bisküvi - Soggy,Saray Bisküvi,Gıda Ürünleri,"('Bisküvi', 'Atıştırmalık')"
Saray Bisküvi - Tatpare Kakaolu,Tat,Gıda Ürünleri,"('Bisküvi', 'Atıştırmalık')"
Saray Bisküvi - Tatpare Vişneli,Tat,Gıda Ürünleri,"('Bisküvi', 'Atıştırmalık')"
Saray Bisküvi - Tatpare Çilekli,Tat,Gıda Ürünleri,"('Bisküvi', 'Atıştırmalık')"
Saray Bisküvi - Vovo,Saray Bisküvi,Gıda Ürünleri,"('Bisküvi', 'Atıştırmalık')"
Saray Bisküvi - Choco Cake,Saray Bisküvi,Gıda Ürünleri,"('Bisküvi', 'Atıştırmalık')"
Saray Bisküvi - Cake Star Karamelli,Saray Bisküvi,Gıda Ürünleri,"('Bisküvi', 'Atıştırmalık')"
Saray Bisküvi - Cake Star Kakaolu,Saray Bisküvi,Gıda Ürünleri,"('Bisküvi', 'Atıştırmalık')"
Saray Bisküvi - Dolce Muzlu,Saray Bisküvi,Gıda Ürünleri,"('Bisküvi', 'Atıştırmalık')"
Saray Bisküvi - Dolce Limonlu,Saray Bisküvi,Gıda Ürünleri,"('Bisküvi', 'Atıştırmalık')"
Saray Bisküvi - Dolce 3'lü,Saray Bisküvi,Gıda Ürünleri,"('Bisküvi', 'Atıştırmalık')"
Saray Bisküvi - Dolce - Çikolatalı,Saray Bisküvi,Gıda Ürünleri,"('Bisküvi', 'Atıştırmalık')"
Saray Bisküvi -  Prens Vanilyalı 200 gr,Saray Bisküvi,Gıda Ürünleri,"('Bisküvi', 'Atıştırmalık')"
Saray Bisküvi - Loveıt - Kayısılı Doğal Meyve Pastası,Saray Bisküvi,Gıda Ürünleri,"('Bisküvi', 'Atıştırmalık')"
Saray Bisküvi - Loveıt - Misket Limonlu Doğal Meyve Pastası,Saray Bisküvi,Gıda Ürünleri,"('Bisküvi', 'Atıştırmalık')"
Saray Bisküvi - Loveıt - Frambuazlı Doğal Meyve Pastası,Saray Bisküvi,Gıda Ürünleri,"('Bisküvi', 'Atıştırmalık')"
Saray Bisküvi - LoveıT Gofret - Çilek Kremalı Rulo Gofret,Saray Bisküvi,Gıda Ürünleri,"('Bisküvi', 'Atıştırmalık')"
Saray Bisküvi - LoveıT Gofret - Frambuaz Kremalı Rulo Gofret,Saray Bisküvi,Gıda Ürünleri,"('Bisküvi', 'Atıştırmalık')"
Saray Bisküvi - LoveıT Gofret - Misket Limon Kremalı Rulo Gofret,Saray Bisküvi,Gıda Ürünleri,"('Bisküvi', 'Atıştırmalık')"
Saray Bisküvi - Eldenele Fındıklı Rulo Gofret,Saray Bisküvi,Gıda Ürünleri,"('Bisküvi', 'Atıştırmalık')"
Saray Bisküvi - Eldenele Vanilya ve Sütlü Kremalı Küp Gofret,Saray Bisküvi,Gıda Ürünleri,"('Bisküvi', 'Atıştırmalık')"
Saray Bisküvi - Eldenele Kakao Fındık Kremalı Küp Gofret,Saray Bisküvi,Gıda Ürünleri,"('Bisküvi', 'Atıştırmalık')"
Saray Bisküvi - Çikonella - 25 gr,Saray Bisküvi,Gıda Ürünleri,"('Bisküvi', 'Atıştırmalık')"
Saray Bisküvi - Çikonella - 500 gr,Saray Bisküvi,Gıda Ürünleri,"('Bisküvi', 'Atıştırmalık')"
Torku Enjoy - Portakallı Mozaik Kek,Torku,Gıda Ürünleri,"('Kek', 'Atıştırmalık')"
Torku Enjoy - Çikolata Soslu Mozaik Kek,Torku,Gıda Ürünleri,"('Kek', 'Atıştırmalık')"
Torku Tam Buğdaylı Kek,Torku,Gıda Ürünleri,"('Kek', 'Atıştırmalık')"
Torku Tam Buğdaylı Kek Damla Çikolatalı,Torku,Gıda Ürünleri,"('Kek', 'Atıştırmalık')"
Torku Tam Buğdaylı Kek Limonlu,Torku,Gıda Ürünleri,"('Kek', 'Atıştırmalık')"
Sarelle Bitter Çikolata Kaplamalı  Bitter Krema Dolgulu Fındıklı  Gofret 33g,Sarelle,Gıda Ürünleri,"('Bisküvi', 'Atıştırmalık')"
Sarelle Sütlü Çikolata Kaplamalı  Fındık Ezme Dolgulu Gofret 33g,Sarelle,Gıda Ürünleri,"('Bisküvi', 'Atıştırmalık')"
Sarelle Sütlü Çikolata  Kaplamalı Fındıklı Gofret 33 g,Sarelle,Gıda Ürünleri,"('Bisküvi', 'Atıştırmalık')"
Sarelle Şeker ilavesiz  Kakaolu Fındık Ezmesi 350 g,Lav,Gıda Ürünleri,"('Şekerleme', 'Atıştırmalık')"
Sarelle Sütlü Kakaolu  Fındık Kreması (DUO) 350 g,Sarelle,Gıda Ürünleri,Kahvaltılık
Sarelle Kakaolu  Fındık Ezmesi 350 g,Sarelle,Gıda Ürünleri,Kahvaltılık
Torku Helvalı Tahin Kreması,Torku,Gıda Ürünleri,Kahvaltılık
Kurukahveci Mehmet Efendi - GUATEMALA FiLTRE KAHVE (KAFEiNSiZ) 250 g,Kurukahveci Mehmet Efendi,Gıda Ürünleri,"('Kahve', 'Sıcak İçecek')"
Kurukahveci Mehmet Efendi - BRAZıLıAN FiLTRE KAHVE 250 g,Kurukahveci Mehmet Efendi,Gıda Ürünleri,"('Kahve', 'Sıcak İçecek')"
Kurukahveci Mehmet Efendi - ETHıOPıAN FiLTRE KAHVE 250 g,Kurukahveci Mehmet Efendi,Gıda Ürünleri,"('Kahve', 'Sıcak İçecek')"
Kurukahveci Mehmet Efendi - COLOMBıAN FiLTRE KAHVE 250 / 500 g,Kurukahveci Mehmet Efendi,Gıda Ürünleri,"('Kahve', 'Sıcak İçecek')"
Kurukahveci Mehmet Efendi - Türk Kahvesi Seti,Kurukahveci Mehmet Efendi,Gıda Ürünleri,"('Kahve', 'Sıcak İçecek')"
Kurukahveci Mehmet Efendi - TÜRK KAHVESi (KAFEiNSiZ) 50 g,Kurukahveci Mehmet Efendi,Gıda Ürünleri,"('Kahve', 'Sıcak İçecek')"
Kurukahveci Mehmet Efendi - TÜRK KAHVESi 250 / 500 g,Kurukahveci Mehmet Efendi,Gıda Ürünleri,"('Kahve', 'Sıcak İçecek')"
Kurukahveci Mehmet Efendi - TÜRK KAHVESi 12×6 g,Kurukahveci Mehmet Efendi,Gıda Ürünleri,"('Kahve', 'Sıcak İçecek')"
Kurukahveci Mehmet Efendi - TÜRK KAHVESi 100 g,Kurukahveci Mehmet Efendi,Gıda Ürünleri,"('Kahve', 'Sıcak İçecek')"
Aynes KARıŞıK MEYVE SUYU,Aynes,Gıda Ürünleri,"('Meyve Suyu', 'İçecek')"
Aynes ViŞNE SUYU,Aynes,Gıda Ürünleri,"('Meyve Suyu', 'İçecek')"
Aynes PORTAKAL SUYU,Aynes,Gıda Ürünleri,"('Meyve Suyu', 'İçecek')"
Torku Fındık Ezmesi,Torku,Gıda Ürünleri,Kahvaltılık
Torku Frema 1000 gr,Torku,Gıda Ürünleri,"('Çikolata', 'Atıştırmalık')"
Torku Frema 650 gr,Torku,Gıda Ürünleri,"('Çikolata', 'Atıştırmalık')"
Torku Frema 400 gr,Torku,Gıda Ürünleri,"('Çikolata', 'Atıştırmalık')"
Torku Frema 180 gr,Torku,Gıda Ürünleri,"('Çikolata', 'Atıştırmalık')"
Torku Banada Kids 450 gr,Torku,Gıda Ürünleri,"('Çikolata', 'Atıştırmalık')"
Torku Banada Kids 400 gr,Torku,Gıda Ürünleri,"('Çikolata', 'Atıştırmalık')"
Torku Banada 2500 gr,Torku,Gıda Ürünleri,"('Çikolata', 'Atıştırmalık')"
Torku Banada 1000 gr,Torku,Gıda Ürünleri,"('Çikolata', 'Atıştırmalık')"
Torku Banada 700 gr,Torku,Gıda Ürünleri,"('Çikolata', 'Atıştırmalık')"
Torku Banada 400 gr,Torku,Gıda Ürünleri,"('Çikolata', 'Atıştırmalık')"
Torku Banada 180 gr,Torku,Gıda Ürünleri,"('Çikolata', 'Atıştırmalık')"
Torku Premio Süt Kremalı Kakaolu Bisküvi 86 gr,Torku,Gıda Ürünleri,"('Bisküvi', 'Atıştırmalık')"
Torku Premio Süt Kremalı Kakaolu Bisküvi 57 gr,Torku,Gıda Ürünleri,"('Bisküvi', 'Atıştırmalık')"
Torku Tutarcık Portakal Jöleli 3x102 gr,Torku,Gıda Ürünleri,"('Bisküvi', 'Atıştırmalık')"
Torku Tutarcık Portakal Jöleli 102 gr,Torku,Gıda Ürünleri,"('Bisküvi', 'Atıştırmalık')"
Torku Favorimo Çikolata Kremalı Bisküvi 4x68 gr,Torku,Gıda Ürünleri,"('Bisküvi', 'Atıştırmalık')"
Torku Favorimo Çikolata Kremalı Bisküvi 68 gr,Torku,Gıda Ürünleri,"('Bisküvi', 'Atıştırmalık')"
Torku Favorimo Muz Kremalı Bisküvi 4x68 gr,Torku,Gıda Ürünleri,"('Bisküvi', 'Atıştırmalık')"
Torku Favorimo Muz Kremalı Bisküvi 68 gr,Torku,Gıda Ürünleri,"('Bisküvi', 'Atıştırmalık')"
Torku Fındık Kremalı Bisküvi 4x68 gr,Torku,Gıda Ürünleri,"('Bisküvi', 'Atıştırmalık')"
Torku Fındık Kremalı Bisküvi 68 gr,Torku,Gıda Ürünleri,"('Bisküvi', 'Atıştırmalık')"
Torku Sade Kremalı Bisküvi 4x68 gr,Torku,Gıda Ürünleri,"('Bisküvi', 'Atıştırmalık')"
Torku Sade Kremalı Bisküvi 68 gr,Torku,Gıda Ürünleri,"('Bisküvi', 'Atıştırmalık')"
Torku Davet Kakaolu Damla Çikolatalı Bisküvi 130 gr,Torku,Gıda Ürünleri,"('Bisküvi', 'Atıştırmalık')"
Torku Davet Kakaolu Damla Çikolatalı Bisküvi 82 gr,Torku,Gıda Ürünleri,"('Bisküvi', 'Atıştırmalık')"
Torku Davet Fındıklı Bisküvi 180 gr,Torku,Gıda Ürünleri,"('Bisküvi', 'Atıştırmalık')"
Torku Davet Fındıklı Bisküvi 130 gr,Torku,Gıda Ürünleri,"('Bisküvi', 'Atıştırmalık')"
Torku Davet Fındıklı Bisküvi 82 gr,Torku,Gıda Ürünleri,"('Bisküvi', 'Atıştırmalık')"
Torku Davet Fındıklı Bisküvi 37 gr,Torku,Gıda Ürünleri,"('Bisküvi', 'Atıştırmalık')"
Torku Premio Çikolata Kaplamalı Portakallı 156 gr,Torku,Gıda Ürünleri,"('Çikolata', 'Atıştırmalık')"
Torku Premio Çikolata Kaplamalı Portakallı 39 gr,Torku,Gıda Ürünleri,"('Çikolata', 'Atıştırmalık')"
Torku Premio Süt Kremalı Kakaolu Bisküvi 4x114 gr,Torku,Gıda Ürünleri,"('Bisküvi', 'Atıştırmalık')"
Torku Premio Süt Kremalı Kakaolu Bisküvi 3x132 gr,Torku,Gıda Ürünleri,"('Bisküvi', 'Atıştırmalık')"
Torku Premio Süt Kremalı Kakaolu Bisküvi 3x86 gr,Torku,Gıda Ürünleri,"('Bisküvi', 'Atıştırmalık')"
Torku Premio Süt Kremalı Kakaolu Bisküvi 132 gr,Torku,Gıda Ürünleri,"('Bisküvi', 'Atıştırmalık')"
Torku Banada Bitter,Torku,Gıda Ürünleri,"('Çikolata', 'Atıştırmalık')"
Torku Bitter Çikolata Kaplamalı Marshmallowlu Bisküvi 66 gr,Torku,Gıda Ürünleri,"('Bisküvi', 'Atıştırmalık')"
Torku Çikolata Kaplamalı Marshmallowlu Bisküvi 66 gr,Torku,Gıda Ürünleri,"('Bisküvi', 'Atıştırmalık')"
Torku Miniki Kakaolu Sütlü Bisküvi,Torku,Gıda Ürünleri,"('Bisküvi', 'Atıştırmalık')"
Torku Miniki Sütlü Bisküvi,Torku,Gıda Ürünleri,"('Bisküvi', 'Atıştırmalık')"
Torku Miniki Çilek Jöleli Kakaolu Bisküvi 102 gr,Torku,Gıda Ürünleri,"('Bisküvi', 'Atıştırmalık')"
Torku Miniki Çilek Jöleli Kakaolu Bisküvi 25 gr,Torku,Gıda Ürünleri,"('Bisküvi', 'Atıştırmalık')"
Torku Miniki Portakal Jöleli Turtacık 102 gr,Torku,Gıda Ürünleri,"('Bisküvi', 'Atıştırmalık')"
Torku Miniki Portakal Jöleli Turtacık 25gr,Torku,Gıda Ürünleri,"('Bisküvi', 'Atıştırmalık')"
Torku Delidolu Kakao Kremalı Mozaik Bisküvi 130 gr,Torku,Gıda Ürünleri,"('Bisküvi', 'Atıştırmalık')"
Torku Delidolu Kakao Kremalı Mozaik Bisküvi 110 gr,Torku,Gıda Ürünleri,"('Bisküvi', 'Atıştırmalık')"
Torku Davet Kakaolu Damla Çikolatalı Bisküvi 180 gr,Torku,Gıda Ürünleri,"('Bisküvi', 'Atıştırmalık')"
Torku Tam Buğdaylı Bisküvi 3x131 gr,Torku,Gıda Ürünleri,"('Bisküvi', 'Atıştırmalık')"
Torku Tam Buğdaylı Bisküvi 131 gr,Torku,Gıda Ürünleri,"('Bisküvi', 'Atıştırmalık')"
Torku Tam Yulaflı Bisküvi 3x118 gr,Torku,Gıda Ürünleri,"('Bisküvi', 'Atıştırmalık')"
Torku Tam Yulaflı Bisküvi 118 gr,Torku,Gıda Ürünleri,"('Bisküvi', 'Atıştırmalık')"
Torku Tam Kremalım - Kakaolu,Torku,Gıda Ürünleri,Diğer Gıda
Torku Tam Çikolatam,Torku,Gıda Ürünleri,Diğer Gıda
Torku Pötibör Bisküvi 4x175 gr,Torku,Gıda Ürünleri,"('Bisküvi', 'Atıştırmalık')"
Torku Pötibör Bisküvi 175 gr,Torku,Gıda Ürünleri,"('Bisküvi', 'Atıştırmalık')"
Torku Tam Buğdaylı Ahududu Kremalı Gofret 142 gr,Torku,Gıda Ürünleri,"('Bisküvi', 'Atıştırmalık')"
Torku Tam Buğdaylı Ahududu Kremalı Gofret 66 gr,Torku,Gıda Ürünleri,"('Bisküvi', 'Atıştırmalık')"
Torku Tam Gofret Sütlü 142 gr,Torku,Gıda Ürünleri,"('Bisküvi', 'Atıştırmalık')"
Torku Tam Gofret Sütlü 66 gr,Torku,Gıda Ürünleri,"('Bisküvi', 'Atıştırmalık')"
Torku Gofret Çilek Kremalı 142 gr,Torku,Gıda Ürünleri,"('Bisküvi', 'Atıştırmalık')"
Torku Gofret Çilek Kremalı 40 gr,Torku,Gıda Ürünleri,"('Bisküvi', 'Atıştırmalık')"
Torku Gofret Kakao-Sade Kremalı 142 gr,Torku,Gıda Ürünleri,"('Bisküvi', 'Atıştırmalık')"
Torku Gofret Kakao-Sade Kremalı 40 gr,Torku,Gıda Ürünleri,"('Bisküvi', 'Atıştırmalık')"
Torku Gofret Karamel-Fındık Kremalı 142 gr,Torku,Gıda Ürünleri,"('Bisküvi', 'Atıştırmalık')"
Torku Gofret Karamel-Fındık Kremalı 40 gr,Torku,Gıda Ürünleri,"('Bisküvi', 'Atıştırmalık')"
Torku Gofret Fındık Kremalı 142 gr,Torku,Gıda Ürünleri,"('Bisküvi', 'Atıştırmalık')"
Torku Gofret Fındık Kremalı 40 gr,Torku,Gıda Ürünleri,"('Bisküvi', 'Atıştırmalık')"
Eti Topkek Fındıklı Kakaolu,Eti,Gıda Ürünleri,"('Kek', 'Atıştırmalık')"
Eti Topkek Mozaik,Eti,Gıda Ürünleri,"('Kek', 'Atıştırmalık')"
Eti Topkek Portakallı,Eti,Gıda Ürünleri,"('Kek', 'Atıştırmalık')"
Eti Topkek Meyveli,Eti,Gıda Ürünleri,"('Kek', 'Atıştırmalık')"
Eti Topkek Çilekli,Eti,Gıda Ürünleri,"('Kek', 'Atıştırmalık')"
Eti Popkek Limonlu,Eti,Gıda Ürünleri,"('Kek', 'Atıştırmalık')"
Eti Popkek Muzlu,Eti,Gıda Ürünleri,"('Kek', 'Atıştırmalık')"
Eti Popkek Çikolatalı,Eti,Gıda Ürünleri,"('Kek', 'Atıştırmalık')"
Eti Popkek Vişneli,Eti,Gıda Ürünleri,"('Kek', 'Atıştırmalık')"
Eti Popkek Portakallı,Eti,Gıda Ürünleri,"('Kek', 'Atıştırmalık')"
Eti Popkek Goa Çikolatalı,Eti,Gıda Ürünleri,"('Kek', 'Atıştırmalık')"
Eti Browni ıntense Çikolata Kaplı Krema Dolgulu Kek Bar,Eti,Gıda Ürünleri,"('Kek', 'Atıştırmalık')"
Eti Browni Gold Çikolata Soslu Çikolatalı Kek,Eti,Gıda Ürünleri,"('Kek', 'Atıştırmalık')"
Eti Browni Gold Vişne Soslu Çikolatalı Kek,Eti,Gıda Ürünleri,"('Kek', 'Atıştırmalık')"
Eti Süt Burger,Eti,Gıda Ürünleri,"('Süt', 'Kahvaltılık')"
Eti Browni Mousse Çikolata Kaplı Krema Dolgulu Kek,Eti,Gıda Ürünleri,"('Kek', 'Atıştırmalık')"
Eti Browni Çikolatalı Fındıklı Kek Bar,Eti,Gıda Ürünleri,"('Kek', 'Atıştırmalık')"
Eti 1 Dilim Kek Üzümlü,Eti,Gıda Ürünleri,"('Kek', 'Atıştırmalık')"
Eti 1 Dilim Kek Mozaik,Eti,Gıda Ürünleri,"('Kek', 'Atıştırmalık')"
Eti 1 Dilim Kek Kakaolu,Eti,Gıda Ürünleri,"('Kek', 'Atıştırmalık')"
Eti Browni Çikolatalı Fındıklı Kek,Eti,Gıda Ürünleri,"('Kek', 'Atıştırmalık')"
Eti Browni Gold Mini,Eti,Gıda Ürünleri,Diğer Gıda
Eti Browni ıntense Bitter Çikolata Kaplı Vişne Soslu Kek,Eti,Gıda Ürünleri,"('Kek', 'Atıştırmalık')"
Eti Browni ıntense Çikolata Kaplı Krema Dolgulu Kek,Eti,Gıda Ürünleri,"('Kek', 'Atıştırmalık')"
Eti Paykek Şekl-i Şahane Çikolata Soslu Fındıklı Beyaz Çikolatalı Kek,Eti,Gıda Ürünleri,"('Kek', 'Atıştırmalık')"
Eti Paykek Şekl-i Şahane Çikolata Soslu Fındıklı Kek,Eti,Gıda Ürünleri,"('Kek', 'Atıştırmalık')"
Eti Paykek Kakaolu,Eti,Gıda Ürünleri,"('Kek', 'Atıştırmalık')"
Eti Paykek Mozaik,Eti,Gıda Ürünleri,"('Kek', 'Atıştırmalık')"
Eti Çikolata Fındıklı Sütlü Çikolata,Eti,Gıda Ürünleri,"('Çikolata', 'Atıştırmalık')"
Eti Çikolata Bütün Antep Fıstıklı Sütlü Çikolata,Eti,Gıda Ürünleri,"('Çikolata', 'Atıştırmalık')"
Eti Çikolata Sticks Sütlü,Eti,Gıda Ürünleri,"('Çikolata', 'Atıştırmalık')"
Eti Çikolata Sticks Fındık Kremalı Dolgulu,Eti,Gıda Ürünleri,"('Çikolata', 'Atıştırmalık')"
Eti Çikolata Sticks Antep Fıstık,Eti,Gıda Ürünleri,"('Çikolata', 'Atıştırmalık')"
Eti Karam %54 Kakaolu Bitter Çikolata,Eti,Gıda Ürünleri,"('Çikolata', 'Atıştırmalık')"
Eti Karam %70 Kakaolu Bitter Çikolata,Eti,Gıda Ürünleri,"('Çikolata', 'Atıştırmalık')"
Eti Karam %54 Kakaolu Portakal & Badem Parçacıklı Bitter Çikolata,Eti,Gıda Ürünleri,"('Çikolata', 'Atıştırmalık')"
Eti Karam %54 Kakaolu Antep Fıstıklı Bitter Çikolata,Eti,Gıda Ürünleri,"('Çikolata', 'Atıştırmalık')"
Eti Karam Sticks %54 Bitter Çikolata,Eti,Gıda Ürünleri,"('Çikolata', 'Atıştırmalık')"
Eti Karam Sticks Portakallı Bitter Çikolata,Eti,Gıda Ürünleri,"('Çikolata', 'Atıştırmalık')"
Eti Karam Sticks Karadutlu & Böğürtlenli Bitter Çikolata,Eti,Gıda Ürünleri,"('Çikolata', 'Atıştırmalık')"
Eti Paykek Havuçlu Cevizli Tarçınlı,Eti,Gıda Ürünleri,"('Kek', 'Atıştırmalık')"
Eti Paykek Meyveli,Eti,Gıda Ürünleri,"('Kek', 'Atıştırmalık')"
Eti Popkek Mini Muzlu,Eti,Gıda Ürünleri,"('Kek', 'Atıştırmalık')"
Eti Popkek Mini Çikolatalı,Eti,Gıda Ürünleri,"('Kek', 'Atıştırmalık')"
Eti Fırınından Tartini Frambuazlı Turta,Eti,Gıda Ürünleri,Atıştırmalık
Eti Çikolata Sütlü,Eti,Gıda Ürünleri,"('Çikolata', 'Atıştırmalık')"
Eti Çikolata Karamel Dolgulu Sütlü Çikolata,Eti,Gıda Ürünleri,"('Çikolata', 'Atıştırmalık')"
Eti Çikolata %27 Antep Fıstıklı Sütlü Çikolata,Eti,Gıda Ürünleri,"('Çikolata', 'Atıştırmalık')"
Eti Uzun Çikolata Antep Fıstıklı,Eti,Gıda Ürünleri,"('Çikolata', 'Atıştırmalık')"
Eti Uzun Çikolata Karamelli,Eti,Gıda Ürünleri,"('Çikolata', 'Atıştırmalık')"
Eti Uzun Çikolata Sütlü,Eti,Gıda Ürünleri,"('Çikolata', 'Atıştırmalık')"
Eti Uzun Çikolata Fındık Kremalı Dolgulu,Eti,Gıda Ürünleri,"('Çikolata', 'Atıştırmalık')"
Eti Form Kepekli Bisküvi,Eti,Gıda Ürünleri,"('Bisküvi', 'Atıştırmalık')"
Eti Form Limon Lifli Kepekli Bisküvi,Eti,Gıda Ürünleri,"('Bisküvi', 'Atıştırmalık')"
Eti Form Çikolata Kaplı Lifli Bisküvi,Eti,Gıda Ürünleri,"('Bisküvi', 'Atıştırmalık')"
Eti Form Kepekli Çubuk Kraker,Eti,Gıda Ürünleri,"('Kraker', 'Atıştırmalık')"
Eti Form Kızarmış Kepekli Ekmek Dilimleri,Eti,Gıda Ürünleri,Diğer Gıda
Eti Form Yulaflı Kepekli Bisküvi,Eti,Gıda Ürünleri,"('Bisküvi', 'Atıştırmalık')"
Eti Form Çörekotlu Kepekli Tuzlu Bisküvi,Eti,Gıda Ürünleri,"('Bisküvi', 'Atıştırmalık')"
Eti Pronot Glutensiz Bebek Bisküvisi,Eti,Gıda Ürünleri,"('Bisküvi', 'Atıştırmalık')"
Eti Pronot Glutensiz Kakaolu Mini Kek,Eti,Gıda Ürünleri,"('Kek', 'Atıştırmalık')"
Eti Pronot Glutensiz Kakaolu Kurabiye,Eti,Gıda Ürünleri,"('Bisküvi', 'Atıştırmalık')"
Eti Pronot Glutensiz Zeytinli Kekikli Kurabiye,Eti,Gıda Ürünleri,"('Bisküvi', 'Atıştırmalık')"
Eti Pronot Glutensiz Kurabiye,Eti,Gıda Ürünleri,"('Bisküvi', 'Atıştırmalık')"
Eti Karam Gurme,Eti,Gıda Ürünleri,Diğer Gıda
Eti Karam Gurme Mini,Eti,Gıda Ürünleri,Diğer Gıda
Eti Maximus XL,Eti,Gıda Ürünleri,Diğer Gıda
Eti Maximus,Eti,Gıda Ürünleri,Diğer Gıda
Eti Canga Dark,Eti,Gıda Ürünleri,Diğer Gıda
Eti Canga,Eti,Gıda Ürünleri,Diğer Gıda
Eti Wanted,Eti,Gıda Ürünleri,Diğer Gıda
Eti Wanted Bumba,Eti,Gıda Ürünleri,Diğer Gıda
Eti Petito Ayıcık Bol Sütlü Çubuk Çikolata,Eti,Gıda Ürünleri,"('Çikolata', 'Atıştırmalık')"
Eti Petito Ayıcık Bol Sütlü Krema Dolgulu Çikolata,Eti,Gıda Ürünleri,"('Çikolata', 'Atıştırmalık')"
Eti Petito Ayıcık Bol Sütlü Mini Çikolata 8’li,Eti,Gıda Ürünleri,"('Çikolata', 'Atıştırmalık')"
Eti Petito Ayıcık Bol Sütlü Mini Çikolata 18’li,Eti,Gıda Ürünleri,"('Çikolata', 'Atıştırmalık')"
Eti Lifalif Yulaf Ezmesi,Eti,Gıda Ürünleri,Kahvaltılık
Eti Etimek Tuzsuz,Eti,Gıda Ürünleri,Diğer Gıda
Eti Etimek Klasik,Eti,Gıda Ürünleri,Diğer Gıda
Eti Cicibebe Vitaminli Kızarmış Ekmek,Eti,Gıda Ürünleri,Diğer Gıda
Eti Cicibebe Tahıllı,Eti,Gıda Ürünleri,Diğer Gıda
Eti Cicibebe Sade,Eti,Gıda Ürünleri,Diğer Gıda
Eti Alaska Frigo Bitter Çikolata Kaplı,Eti,Gıda Ürünleri,"('Çikolata', 'Atıştırmalık')"
Eti Alaska Frigo Sütlü Çikolata Kaplı,Eti,Gıda Ürünleri,"('Çikolata', 'Atıştırmalık')"
Eti Balık Kraker,Eti,Gıda Ürünleri,"('Kraker', 'Atıştırmalık')"
Eti Mısırlı Balık Kraker,Eti,Gıda Ürünleri,"('Kraker', 'Atıştırmalık')"
Eti Pizza Kraker,Eti,Gıda Ürünleri,"('Kraker', 'Atıştırmalık')"
Eti Crax Kıvrık Kraker,Eti,Gıda Ürünleri,"('Kraker', 'Atıştırmalık')"
Eti Petito Ayıcık Bol Sütlü Mini Çikolata 6'lı,Eti,Gıda Ürünleri,"('Çikolata', 'Atıştırmalık')"
Eti Petito Beyaz ve Bitter Çikolata Desenli Mısır ve Buğday Gevrekli Bol Sütlü Çikolata,Eti,Gıda Ürünleri,"('Çikolata', 'Atıştırmalık')"
Eti Petito Ayıcık Beyaz ve Bitter Çikolata Desenli Bol Sütlü Çikolata 18 gr.,Eti,Gıda Ürünleri,"('Çikolata', 'Atıştırmalık')"
Eti Petito Ayıcık Beyaz ve Bitter Çikolata Desenli Bol Sütlü Çikolata 9 Gr.,Eti,Gıda Ürünleri,"('Çikolata', 'Atıştırmalık')"
Eti Form Kakaolu Yabanmersinli,Eti,Gıda Ürünleri,Diğer Gıda
Eti Form Domatesli Kekikli,Eti,Gıda Ürünleri,Diğer Gıda
Eti Form Zeytinli Domatesli Kepekli Kraker,Eti,Gıda Ürünleri,"('Kraker', 'Atıştırmalık')"
Eti Form Light Müsli,Eti,Gıda Ürünleri,Diğer Gıda
Eti Form Mısır ve Pirinç Patlağı,Eti,Gıda Ürünleri,Diğer Gıda
Eti Form Karışık Meyveli Kepekli Bisküvi,Eti,Gıda Ürünleri,"('Bisküvi', 'Atıştırmalık')"
Eti Form Tahıllı Bisküvi,Eti,Gıda Ürünleri,"('Bisküvi', 'Atıştırmalık')"
Eti Form Portakallı,Eti,Gıda Ürünleri,Diğer Gıda
Eti Crax @kntn Peynirli Soğanlı Kraker,Eti,Gıda Ürünleri,"('Kraker', 'Atıştırmalık')"
Eti Crax @kntn Tatlı-Acı Biberli Kraker,Tat,Gıda Ürünleri,"('Kraker', 'Atıştırmalık')"
Eti Gong,Eti,Gıda Ürünleri,Diğer Gıda
Eti Crax Sade Çubuk Kraker,Eti,Gıda Ürünleri,"('Kraker', 'Atıştırmalık')"
Eti Crax Baharatlı Çubuk Kraker,Eti,Gıda Ürünleri,"('Kraker', 'Atıştırmalık')"
Eti Crax Peynirli Çubuk Kraker,Eti,Gıda Ürünleri,"('Kraker', 'Atıştırmalık')"
Eti Crax Acılı Çubuk Kraker,Eti,Gıda Ürünleri,"('Kraker', 'Atıştırmalık')"
Eti Crax Patlamış Mısırlı Kraker,Eti,Gıda Ürünleri,"('Kraker', 'Atıştırmalık')"
Eti Susamlı Çubuk Kraker,Eti,Gıda Ürünleri,"('Kraker', 'Atıştırmalık')"
Eti Hoşbeş Fındık Kremalı Gofret,Eti,Gıda Ürünleri,"('Bisküvi', 'Atıştırmalık')"
Eti Hoşbeş Kakao Aromalı Kremalı Gofret,Aroma,Gıda Ürünleri,"('Meyve Suyu', 'İçecek')"
Eti Hoşbeş Çilek Kremalı Gofret,Eti,Gıda Ürünleri,"('Bisküvi', 'Atıştırmalık')"
Eti Burçak Kakao Kremalı,Eti,Gıda Ürünleri,Atıştırmalık
Eti Burçak Sütlü Çikolatalı,Eti,Gıda Ürünleri,Atıştırmalık
Eti Burçak Kepekli,Eti,Gıda Ürünleri,Atıştırmalık
Eti Burçak Kurabiye,Eti,Gıda Ürünleri,"('Bisküvi', 'Atıştırmalık')"
Eti Burçak Sultani,Eti,Gıda Ürünleri,Atıştırmalık
Eti Burçak Yulaflı,Eti,Gıda Ürünleri,Atıştırmalık
Eti Burçak Klasik,Eti,Gıda Ürünleri,Atıştırmalık
Eti Burçak Sütlü Kremalı,Eti,Gıda Ürünleri,Atıştırmalık
Eti Lifalif Meyveli Tahıl Gevreği,Eti,Gıda Ürünleri,Atıştırmalık
Eti Lifalif Tahıl Gevreği,Eti,Gıda Ürünleri,Atıştırmalık
Eti Lifalif Bitter Çikolatalı Tahıl Gevreği,Eti,Gıda Ürünleri,Atıştırmalık
Eti Lifalif Kuru Meyveli Müsli,Eti,Gıda Ürünleri,Atıştırmalık
Eti Hoşbeş Mandalina Kremalı Gofret,Eti,Gıda Ürünleri,"('Bisküvi', 'Atıştırmalık')"
Eti Hoşbeş Misket Limonlu Kremalı Gofret,Eti,Gıda Ürünleri,"('Bisküvi', 'Atıştırmalık')"
Eti Hoşbeş Vişne Kremalı Kakaolu Gofret,Eti,Gıda Ürünleri,"('Bisküvi', 'Atıştırmalık')"
Eti Hoşbeş Sütlü Kakaolu Kremalı Gofret,Eti,Gıda Ürünleri,"('Bisküvi', 'Atıştırmalık')"
Eti Hoşbeş Yeşil Elmalı Kremalı Gofret,Eti,Gıda Ürünleri,"('Bisküvi', 'Atıştırmalık')"
Eti Bidolu,Eti,Gıda Ürünleri,Diğer Gıda
Eti Petit Beurre Kakaolu,Eti,Gıda Ürünleri,Diğer Gıda
Eti Puf Hindistan Cevizli,Eti,Gıda Ürünleri,Diğer Gıda
Eti Puf Renkli,Eti,Gıda Ürünleri,Diğer Gıda
Eti Cin Mini Bisküvi,Eti,Gıda Ürünleri,"('Bisküvi', 'Atıştırmalık')"
Eti Cin Portakal Jöleli Bisküvi Çoklu,Eti,Gıda Ürünleri,"('Bisküvi', 'Atıştırmalık')"
Eti Cin Çilek Jöleli Bisküvi,Eti,Gıda Ürünleri,"('Bisküvi', 'Atıştırmalık')"
Eti Cin Tek Lokmalık Bisküvi,Eti,Gıda Ürünleri,"('Bisküvi', 'Atıştırmalık')"
Eti Cin Portakal Jöleli Kakaolu Bisküvi Çoklu,Eti,Gıda Ürünleri,"('Bisküvi', 'Atıştırmalık')"
Eti Cin Portakal Jöleli Bisküvi Tek Lokmalık 3'lü,Eti,Gıda Ürünleri,"('Bisküvi', 'Atıştırmalık')"
Eti Cin Portakal Jöleli Bisküvi 5'li,Eti,Gıda Ürünleri,"('Bisküvi', 'Atıştırmalık')"
Eti Çay Keyfi Fındıklı Fıstıklı Kurabiye,Eti,Gıda Ürünleri,"('Bisküvi', 'Atıştırmalık')"
Eti Çay Keyfi Fıstıklı Tarçınlı Kurabiye,Eti,Gıda Ürünleri,"('Bisküvi', 'Atıştırmalık')"
Eti Kakaolu Bisküvi,Eti,Gıda Ürünleri,"('Bisküvi', 'Atıştırmalık')"
Eti Finger,Eti,Gıda Ürünleri,Diğer Gıda
Eti Etibör,Eti,Gıda Ürünleri,Diğer Gıda
Eti Petit Beurre Klasik,Eti,Gıda Ürünleri,Diğer Gıda
Eti Puf Kakaolu,Eti,Gıda Ürünleri,Diğer Gıda
Eti Cin Portakal Jöleli Bisküvi,Eti,Gıda Ürünleri,"('Bisküvi', 'Atıştırmalık')"
Eti Kombo,Eti,Gıda Ürünleri,Diğer Gıda
Eti Benim O,Eti,Gıda Ürünleri,Diğer Gıda
Eti Kremalı,Eti,Gıda Ürünleri,Diğer Gıda
Eti Motto,Eti,Gıda Ürünleri,Diğer Gıda
Eti Negro,Eti,Gıda Ürünleri,Diğer Gıda
Eti Tutku,Eti,Gıda Ürünleri,Diğer Gıda
Eti Çay Keyfi Kakaolu Kurabiye,Eti,Gıda Ürünleri,"('Bisküvi', 'Atıştırmalık')"
Beypazarı Maden Suyu,Beypazarı,Gıda Ürünleri,"('Meyve Suyu', 'İçecek')"
Aroha,Aroha,Otomotiv / Savunma Sanayii Ürünleri,Otomotiv / Savunma
Kalaycıoğlu,Kalaycıoğlu,Otomotiv / Savunma Sanayii Ürünleri,Otomotiv / Savunma
Zinde,Zinde,Otomotiv / Savunma Sanayii Ürünleri,Otomotiv / Savunma
Antebella,Antebella,Otomotiv / Savunma Sanayii Ürünleri,Otomotiv / Savunma
Alasko Frigo,Alasko Frigo,Otomotiv / Savunma Sanayii Ürünleri,Otomotiv / Savunma
Tatkat,Tatkat,Otomotiv / Savunma Sanayii Ürünleri,Otomotiv / Savunma
CafeshotS,CafeshotS,Otomotiv / Savunma Sanayii Ürünleri,Otomotiv / Savunma
Zade,Zade,Otomotiv / Savunma Sanayii Ürünleri,Otomotiv / Savunma
Pelit,Pelit,Otomotiv / Savunma Sanayii Ürünleri,Otomotiv / Savunma
Gua Coffee Company,Gua Coffee Company,Gıda Ürünleri,"('Kahve', 'Sıcak İçecek')"
Niğde Gazozu,Niğde Gazozu,Gıda Ürünleri,Gazlı İçecek
Nevada Coffee,Nevada Coffee,Gıda Ürünleri,"('Kahve', 'Sıcak İçecek')"
Vestel PUZZLE NF655 X Buzdolabı,Vestel,Elektronik Ürün,Beyaz Eşya
Vestel NFK510 ECS Buzdolabı,Vestel,Elektronik Ürün,Beyaz Eşya
Vestel RETRO NFKY510 KıRMıZı Buzdolabı,Vestel,Elektronik Ürün,Beyaz Eşya
Vestel 4K SMART 55UD9300 LED TV,Vestel,Elektronik Ürün,Televizyon
Vestel ELMAS Buharlı Ütü,Vestel,Elektronik Ürün,Küçük Ev Aletleri
Beko BKK 2309 Buharlı Ütüler,Beko BKK 2309 Buharlı Ütüler,Elektronik Ürün,Küçük Ev Aletleri
Beko BKK 2299 Akuamarin Buhar Jeneratörlü Ütü,Beko,Elektronik Ürün,Küçük Ev Aletleri
Beko BKK 4160 P Mikser,Beko,Elektronik Ürün,Küçük Mutfak Aletleri
Beko BKK 3092 HM Crystal Mikser,Beko BKK 3092 HM Crystal Mikser,Elektronik Ürün,Küçük Mutfak Aletleri
Beko BSS 4600 Su Sebili,Beko BSS 4600 Su Sebili,Elektronik Ürün,Küçük Ev Aletleri
Beko BMD 2084 GMı Mikrodalga Fırın,Beko BMD 2084 GMı Mikrodalga Fırın,Elektronik Ürün,Küçük Mutfak Aletleri
Beko BM 8018 ı Bulaşık Makinesi,Beko,Elektronik Ürün,Beyaz Eşya
Vestel KCM 9814 G Kurutmalı Çamaşır Makinesi,Vestel,Elektronik Ürün,Beyaz Eşya
Vestel KCM 9914 Kurutmalı Çamaşır Makinesi,Vestel,Elektronik Ürün,Beyaz Eşya
Vestel BAMBU Elektronik Tartı,Vestel,Elektronik Ürün,Küçük Ev Aletleri
Vestel LiLYUM Pro Saç Kurutma Makinesi,Vestel,Elektronik Ürün,Küçük Ev Aletleri
Vestel Sefa Cam ınox Çay Makinesi,Vestel,Elektronik Ürün,Küçük Mutfak Aletleri
Vestel VANiLYA El Blender Seti,Eti,Elektronik Ürün,Küçük Mutfak Aletleri
Vestel Starwars E3100 R Ekmek Kızartma Makinesi,Vestel,Elektronik Ürün,Küçük Mutfak Aletleri
Vestel Şölen T3000 ınox Tost Makinesi,Şölen,Elektronik Ürün,Küçük Mutfak Aletleri
VESTEL Perilla Mikser,Vestel,Elektronik Ürün,Küçük Mutfak Aletleri
Vestel KEHRiBAR Buhar Jeneratörlü Ütü,Vestel,Elektronik Ürün,Küçük Ev Aletleri
Vestel MıX&GO ıNOX Blender,Vestel,Elektronik Ürün,Küçük Mutfak Aletleri
Vestel NFK510 EX A+++ Buzdolabı,Vestel,Elektronik Ürün,Beyaz Eşya
Vestel 4K OLED SMART 65OB9900 LED TV,Vestel,Elektronik Ürün,Televizyon
Vestel 4K SMART 65UD9400 LED TV,Vestel,Elektronik Ürün,Televizyon
Vestel Desibel K550 Kulaklık Nar Çiçeği,Vestel,Elektronik Ürün,Ses Sistemi / Kulaklık
Vestel Desıbel K600 Kulaklık Beyaz,Vestel,Elektronik Ürün,Ses Sistemi / Kulaklık
Vestel Desibel K550 Kulaklık Mavi,Vestel,Elektronik Ürün,Ses Sistemi / Kulaklık
Vestel Desibel K550 Kulaklık Siyah,Vestel,Elektronik Ürün,Ses Sistemi / Kulaklık
VESTEL AV 4311 B,Vestel,Elektronik Ürün,Diğer Elektronik
VESTEL AV 4310 S,Vestel,Elektronik Ürün,Diğer Elektronik
Vestel POYRAZ A7500 Elektrikli Süpürge,Vestel,Elektronik Ürün,Küçük Ev Aletleri
Vestel TSUNAMı A8100 Elektrikli Süpürge,Vestel,Elektronik Ürün,Küçük Ev Aletleri
Vestel Minimalistik ınverter 12 A++ Klima,Vestel,Elektronik Ürün,Klima
Vestel Plazma ınverter 24 A++ Klima,Vestel,Elektronik Ürün,Klima
Beko BK 10141 E Çamaşır Makinesi,Beko,Elektronik Ürün,Beyaz Eşya
Beko 9625 NDEX No Frost Buzdolabı,Beko,Elektronik Ürün,Beyaz Eşya
Beko BKK 3098 Vitaminist™ Blender,Beko,Elektronik Ürün,Küçük Mutfak Aletleri
Beko D 90 HP Kurutma Makinesi,Beko,Elektronik Ürün,Beyaz Eşya
VESTEL KÖPÜK 5000 SÜT ıSıTıCı,Vestel,Elektronik Ürün,Küçük Mutfak Aletleri
Vestel Venus Z20,Vestel,Elektronik Ürün,Diğer Elektronik
Arçelik K 2370 Mini Tost Makinesi,Arçelik,Elektronik Ürün,Küçük Mutfak Aletleri
Arçelik K 8550 Eternity Ekmek Kızartma Makinesi,Arçelik,Elektronik Ürün,Küçük Mutfak Aletleri
Arçelik K 2462 EK Ekmek Kızartma Makinesi,Arçelik,Elektronik Ürün,Küçük Mutfak Aletleri
Arçelik K 8382 TG in love Tost Makinesi,Arçelik,Elektronik Ürün,Küçük Mutfak Aletleri
Arçelik K 2369 TG Tost Makinesi,Arçelik,Elektronik Ürün,Küçük Mutfak Aletleri
Arçelik K 2385 TG Tost Makinesi,Arçelik,Elektronik Ürün,Küçük Mutfak Aletleri
Arçelik B-Fit Personel Blender,Arçelik,Elektronik Ürün,Küçük Mutfak Aletleri
Arçelik ımperium® 4A Süpürge,Arçelik,Elektronik Ürün,Küçük Ev Aletleri
Arçelik Grion Ankastre Fırın,Arçelik,Elektronik Ürün,Beyaz Eşya
Arçelik Siyah Mini Telve Türk Kahve Makinesi,Arçelik,Elektronik Ürün,Küçük Mutfak Aletleri
Arçelik Tiryaki Çay Makinesi,Arçelik,Elektronik Ürün,Küçük Mutfak Aletleri
Arçelik Çay Makinesi,Arçelik,Elektronik Ürün,Küçük Mutfak Aletleri
Arçelik Gurme Çay Makinesi,Arçelik,Elektronik Ürün,Küçük Mutfak Aletleri
Arçelik Bulaşık Makinesi,Arçelik,Elektronik Ürün,Beyaz Eşya
Sinbo Kablosuz Su ısıtıcı Cam,Sinbo,Elektronik Ürün,Su ısıtıcı
Sinbo ızgara & Tost Makinesi,Sinbo,Elektronik Ürün,Küçük Mutfak Aletleri
Sinbo Torbasız Cyclonic Elektrikli Süpürge,Sinbo,Elektronik Ürün,Küçük Ev Aletleri
Sinbo El Mikseri,Sinbo,Elektronik Ürün,Küçük Mutfak Aletleri
Sinbo Elektrikli Çay Seti,Sinbo,Elektronik Ürün,Küçük Mutfak Aletleri
Sinbo Fritöz,Sinbo,Elektronik Ürün,Küçük Mutfak Aletleri
Sinbo Kablosuz Su ısıtıcı,Sinbo,Elektronik Ürün,Su ısıtıcı
Arzum Bellissima Beach Waves Wag Maşası PEMBE,Arzum,Elektronik Ürün,Diğer Elektronik
Arzum Bellissima Profesyonel iyonlu Saç Kurutma Makinesi SiYAH,Arzum,Elektronik Ürün,Küçük Ev Aletleri
Arzum Çayım Delux Çay Makinesi NAR,Arzum,Elektronik Ürün,Küçük Mutfak Aletleri
Arzum Kantintost ızgara ve Tost Makinesi PASLANMAZ ÇELiK,Arzum,Elektronik Ürün,Küçük Mutfak Aletleri
Arzum Panetti Ekmek Yapma Makinesi CANDY,Arzum,Elektronik Ürün,Küçük Mutfak Aletleri
Arzum Crust Mix Stand Mikser NAR,Arzum,Elektronik Ürün,Küçük Mutfak Aletleri
Arzum Technoart El Blender SiYAH,Arzum,Elektronik Ürün,Küçük Mutfak Aletleri
"Arzum Shake""N Take Kişisel Blender SiYAH",Arzum,Elektronik Ürün,Küçük Mutfak Aletleri
Casper Nirvana D300 Serisi,Casper,Elektronik Ürün,Diğer Elektronik
Vestel Venus V7,Vestel,Elektronik Ürün,Diğer Elektronik
Vestel Venus Z40,Vestel,Elektronik Ürün,Diğer Elektronik
Vestel Venus E5,Vestel,Elektronik Ürün,Diğer Elektronik
Sinbo Turbo Blender & Öğütücü,Sinbo,Elektronik Ürün,Küçük Mutfak Aletleri
Sinbo Katı Meyve Sıkacağı,Sinbo,Elektronik Ürün,Küçük Mutfak Aletleri
Sinbo Elektrikli Çay Makinesi,Sinbo,Elektronik Ürün,Küçük Mutfak Aletleri
Sinbo Elektrikli Cam Kapaklı Döküm ızgara,Sinbo,Elektronik Ürün,Küçük Mutfak Aletleri
Sinbo Elektrikli ızgara,Sinbo,Elektronik Ürün,Küçük Mutfak Aletleri
Vestel Hızlı 9812 TKE Çamaşır Makinesi,Vestel,Elektronik Ürün,Beyaz Eşya
Vestel Hızlı 8912 TT Çamaşır Makinesi,Vestel,Elektronik Ürün,Beyaz Eşya
Vestel Hızlı 9812 TSE Çamaşır Makinesi,Vestel,Elektronik Ürün,Beyaz Eşya
Vestel V-UHD SMART 75UD9650 LED TV,Vestel,Elektronik Ürün,Televizyon
Casper Nirvana D200 Serisi,Casper,Elektronik Ürün,Diğer Elektronik
Casper Nirvana N310 - N240,Casper Nirvana N310 - N240,Elektronik Ürün,Diğer Elektronik
Casper Nirvana C650,Casper Nirvana C650,Elektronik Ürün,Diğer Elektronik
Casper Nirvana C800,Casper Nirvana C800,Elektronik Ürün,Diğer Elektronik
Casper Nirvana C900,Casper,Elektronik Ürün,Diğer Elektronik
Casper Nirvana F Serisi,Casper Nirvana F Serisi,Elektronik Ürün,Diğer Elektronik
Casper Excalibur Serisi,Casper Excalibur Serisi,Elektronik Ürün,Diğer Elektronik
Arnica Bitkidem Pro Çay Makinesi,Arnica,Elektronik Ürün,Küçük Mutfak Aletleri
Arnica Demli ınox Çay Makinesi,Arnica,Elektronik Ürün,Küçük Mutfak Aletleri
Arnica Bitkidem Otomatik Çay Makinesi,Arnica,Elektronik Ürün,Küçük Mutfak Aletleri
Arnica Terra Premium Toz Torbalı Elektrikli Süpürge,Arnica,Elektronik Ürün,Küçük Ev Aletleri
Arnica Tesla Premium ET14300 Toz Torbasız Elektrikli Süpürge Rose,Arnica,Elektronik Ürün,Küçük Ev Aletleri
Wunschome NOLıME Kireç Sökücü 1 LT,Wunschome,Temizlik Ürünü,Banyo Temizliği
Wunschome NOLıME Kireç Sökücü 550 ML,Wunschome,Temizlik Ürünü,Banyo Temizliği
Wunschome Genel Köpük Temizleyici (Yüzey Temizleyici) 1 LT,Wunschome,Temizlik Ürünü,Yüzey Temizliği
Wunschome Sıvı Bulaşık Deterjanı 1 LT,Wunschome,Temizlik Ürünü,Bulaşık Temizliği
Wunschome Kıvamlı Çamaşır Suyu 1 LT,Wunschome,Temizlik Ürünü,Çamaşır Temizliği
Wunschome Çamaşır Yumuşatıcı Lilium 1 LT,Wunschome,Temizlik Ürünü,Çamaşır Temizliği
Wunschome Çamaşır Yumuşatıcı Mimoza 1 LT,Wunschome,Temizlik Ürünü,Çamaşır Temizliği
Wunschome Çamaşır Makinasi Deterjanı Beyazlar,Wunschome,Temizlik Ürünü,Çamaşır Temizliği
Wunschome Çamaşır Makinasi Deterjanı Renkliler,Wunschome,Temizlik Ürünü,Çamaşır Temizliği
Wunschome Dahlia Oda ve Ortam Kokusu 500 CC,Wunschome,Temizlik Ürünü,Oda kokusu
Wunschome Spring Breeze Oda ve Ortam Kokusu 500 CC,Wunschome,Temizlik Ürünü,Oda kokusu
Wunschome Anti Smell Ağır Koku Giderici 500 CC,Wunschome,Temizlik Ürünü,Oda kokusu
Bingo Dynamic Hepsi Bir Arada 56'li Bulaşık Makinesi Tableti,Bingo,Temizlik Ürünü,Bulaşık Temizliği
Bingo Dynamic Hepsi Bir Arada 28'li Bulaşık Makinesi Tableti,Bingo,Temizlik Ürünü,Bulaşık Temizliği
Bingo Dynamic Makine Tuzu,Bingo,Temizlik Ürünü,Makine Temizleyici
Bingo Dynamic Makine Partalıcı Limon Kokulu,Bingo,Temizlik Ürünü,Makine Temizleyici
Bingo Dynamic Makine Partalıcı Klasik,Bingo,Temizlik Ürünü,Makine Temizleyici
Bingo Dynamic Makine Koku Giderici,Bingo,Temizlik Ürünü,Oda kokusu
Bingo Dynamic Makine Temizleyici,Bingo,Temizlik Ürünü,Makine Temizleyici
Bingo Klasik Limon Kokulu Büyük Sıvı Bulaşık Deterjanı,Bingo,Temizlik Ürünü,Bulaşık Temizliği
Bingo Klasik Limon Kokulu Sıvı Bulaşık Deterjanı,Bingo,Temizlik Ürünü,Bulaşık Temizliği
Bingo Dynamic Sensitive Krem Etkili Sıvı Bulaşık Deterjanı,Bingo,Temizlik Ürünü,Bulaşık Temizliği
Bingo Dynamic Bodrum Esintisi Mandalina Kokulu Sıvı Bulaşık Deterjanı,Bingo,Temizlik Ürünü,Bulaşık Temizliği
Bingo Dynamic Çeşme Esintisi Limon Kokulu Sıvı Bulaşık Deterjanı,Bingo,Temizlik Ürünü,Bulaşık Temizliği
Parex Mikrofiber Temizlik Bezi,Parex,Temizlik Ürünü,Temizlik bezi/Süngeri/Paspas
Parex Magic Maxx Temizlik Bezi,Parex,Temizlik Ürünü,Temizlik bezi/Süngeri/Paspas
Parex Neofiber Bez (Yeni Nesil Mikrofiber),Parex,Temizlik Ürünü,Temizlik bezi/Süngeri/Paspas
Parex %30 Mikrofiberli Temizlik Bezi,Parex,Temizlik Ürünü,Temizlik bezi/Süngeri/Paspas
Adatepe Doğal Lavanta Esanslı Zeytinyağı Sabunu 135 gr.,Lav,Temizlik Ürünü,Kişisel Temizlik
Adatepe Doğal Zeytinyağı Sabunu 135 gr.,Adatepe,Temizlik Ürünü,Kişisel Temizlik
Bingo Dynamic Standart 120'li Mekine Tableti,Bingo,Temizlik Ürünü,Bulaşık Temizliği
Bingo Dynamic Standart 60'lı Mekine Tableti,Bingo,Temizlik Ürünü,Bulaşık Temizliği
Bingo Dynamic Standart 15'li Mekine Tableti,Bingo,Temizlik Ürünü,Bulaşık Temizliği
Bingo Dynamic Standart Makine Toz Deterjan Limon Kokulu,Bingo,Temizlik Ürünü,Çamaşır Temizliği
Bingo Dynamic Standart Makine Toz Deterjan,Bingo,Temizlik Ürünü,Çamaşır Temizliği
Bingo Dynamic Hepsi Bir Arada 112'li Bulaşık Makinesi Tableti,Bingo,Temizlik Ürünü,Bulaşık Temizliği
Parex Quick Temizlik Seti,Parex,Temizlik Ürünü,Diğer Temizlik
Parex Tornado Temizlik Seti,Parex,Temizlik Ürünü,Diğer Temizlik
Parex Twister Temizlik Seti,Parex,Temizlik Ürünü,Diğer Temizlik
Parex Maestro Compact,Parex,Temizlik Ürünü,Diğer Temizlik
Parex Maestro Temizlik Seti,Parex,Temizlik Ürünü,Diğer Temizlik
Parex Bubble Sünger,Parex,Temizlik Ürünü,Temizlik bezi/Süngeri/Paspas
Parex Çizmez Sünger,Parex,Temizlik Ürünü,Temizlik bezi/Süngeri/Paspas
Parex Power Ball Çizmez Ovma Teli,Parex,Temizlik Ürünü,Diğer Temizlik
Parex Magic Shine Sünger,Parex,Temizlik Ürünü,Temizlik bezi/Süngeri/Paspas
Parex Magic Fiber Sünger,Parex,Temizlik Ürünü,Temizlik bezi/Süngeri/Paspas
Parex Magic Sünger,Parex,Temizlik Ürünü,Temizlik bezi/Süngeri/Paspas
Parex Mikropower Bez,Parex,Temizlik Ürünü,Temizlik bezi/Süngeri/Paspas
Parex Büzgülü Çöp Torbası Orta Boy Çilek / Limon / Lavanta Orta Boy,Parex,Temizlik Ürünü,Mutfak
Parex Ekstra Dayanıklı Çöp Torbası,Parex,Temizlik Ürünü,Mutfak
Parex Bahar Kokulu Çöp Torbası,Parex,Temizlik Ürünü,Mutfak
Parex Nitril Kullan-At Eldiven,Parex,Temizlik Ürünü,Mutfak
Parex Comfort Touch Eldiven,Parex,Temizlik Ürünü,Mutfak
Parex Sensitive Eldiven,Parex,Temizlik Ürünü,Mutfak
Parex Süpürgeç Yer Temizlik Sistemi,Parex,Temizlik Ürünü,Yüzey Temizliği
Parex Windy Sprey Mop,Parex,Temizlik Ürünü,Temizlik bezi/Süngeri/Paspas
Parex Pamuk+Mikrofiber Paspas,Parex,Temizlik Ürünü,Temizlik bezi/Süngeri/Paspas
Parex Rengarenk Paspas Üçlü,Parex,Temizlik Ürünü,Temizlik bezi/Süngeri/Paspas
Parex Standart Paspas,Parex,Temizlik Ürünü,Temizlik bezi/Süngeri/Paspas
Parex Extra Power Temizlik Seti,Parex,Temizlik Ürünü,Diğer Temizlik
Parex Fışfış Bulaşık Fırçası,Parex,Temizlik Ürünü,Bulaşık Temizliği
Parex Mega Tüy Toplayıcı Rulo,Parex,Temizlik Ürünü,Genel Temizlik
Parex Mini Tüy Toplayıcı Rulo,Parex,Temizlik Ürünü,Genel Temizlik
Parex Tüy Toplayıcı Rulo,Parex,Temizlik Ürünü,Genel Temizlik
Parex Akıllı Pişirme Kağıdı,Parex,Temizlik Ürünü,Mutfak
Parex Pişirme Kağıdı,Parex,Temizlik Ürünü,Mutfak
Parex Alüminyum Folyo,Parex Alüminyum Folyo,Temizlik Ürünü,Mutfak
Parex Streç Film,Parex,Temizlik Ürünü,Diğer Temizlik
Parex Kilitli Buzdolabı Poşeti,Parex,Temizlik Ürünü,Mutfak
Parex Buzdolabı Poşeti,Parex,Temizlik Ürünü,Mutfak
Parex Güçlü Çöp Torbası,Parex,Temizlik Ürünü,Mutfak
Parex Büzgülü Çöp Torbası  Çilek / Limon / Lavanta Büyük Boy,Parex,Temizlik Ürünü,Mutfak
Arçelik K 8130 PV in love Renkli El Blenderı,Arçelik K 8130 PV in love Renkli El Blenderı,Elektronik Ürün,Küçük Mutfak Aletleri
Arçelik K 8520 Eternity El Blenderı,Arçelik,Elektronik Ürün,Küçük Mutfak Aletleri
Arçelik K 8235 in love Lal El Blenderı,Arçelik K 8235 in love Lal El Blenderı,Elektronik Ürün,Küçük Mutfak Aletleri
Arçelik K 8525 Eternity El Blenderı,Arçelik,Elektronik Ürün,Küçük Mutfak Aletleri
Arçelik K 1190 Robolio Mutfak Robotu,Arçelik K 1190 Robolio Mutfak Robotu,Elektronik Ürün,Küçük Mutfak Aletleri
Arçelik Kıyma Makinesi,Arçelik,Elektronik Ürün,Küçük Mutfak Aletleri
Arçelik Yoğurt Makinesi,Arçelik,Elektronik Ürün,Küçük Mutfak Aletleri
Arçelik Telve Türk Kahve Makinesi,Arçelik,Elektronik Ürün,Küçük Mutfak Aletleri
Arçelik Mikrodalga Fırın,Arçelik Mikrodalga Fırın,Elektronik Ürün,Küçük Mutfak Aletleri
Arçelik Love Buhar Kazanlı Ütü,Arçelik Love Buhar Kazanlı Ütü,Elektronik Ürün,Küçük Ev Aletleri
Arçelik Su Sebili,Arçelik,Elektronik Ürün,Küçük Ev Aletleri
Arçelik Sensimeter Bluetooth Tartı Banyo Tartısı,Arçelik Sensimeter Bluetooth Tartı Banyo Tartısı,Elektronik Ürün,Küçük Ev Aletleri
Power Prox Ultra Canlı Renkler Toz Çamaşır Deterjanı 9 kg,Power Prox,Temizlik Ürünü,Çamaşır Temizliği
Alalin Tüm Renkli Giysiler için Sıvı Deterjan 1 Litre,Alalin,Temizlik Ürünü,Çamaşır Temizliği
Alalin Tüm Renkli Giysiler için Sıvı Deterjan 3 Litre,Alalin,Temizlik Ürünü,Çamaşır Temizliği
Alalin Siyah ve Koyu Renkli Giysiler için Sıvı Deterjan 1 Litre,Alalin,Temizlik Ürünü,Çamaşır Temizliği
Alalin Siyah ve Koyu Renkli Giysiler için Sıvı Deterjan 3 Litre,Alalin,Temizlik Ürünü,Çamaşır Temizliği
Alalin 60'lı Pamuklu Bebek Kulak Çubuğu,Alalin,Temizlik Ürünü,Kişisel Temizlik
Alalin 300'lü Pamuklu Kulak Çubuğu,Alalin,Temizlik Ürünü,Kişisel Temizlik
Alalin 200'lü Pamuklu Kulak Çubuğu,Alalin,Temizlik Ürünü,Kişisel Temizlik
Alalin 100'lü Pamuklu Kulak Çubuğu,Alalin,Temizlik Ürünü,Kişisel Temizlik
"Alalin Limon Çiçeği 1500 ml, Doğal Zeytinyağlı Sıvı Sabun",Alalin,Temizlik Ürünü,Kişisel Temizlik
"Alalin Kiraz Çiçeği 1500 ml, Doğal Zeytinyağlı Sıvı Sabun",Alalin,Temizlik Ürünü,Kişisel Temizlik
"Alalin Gülün Büyüsü 1500 ml, Doğal Zeytinyağlı Sıvı Sabun",Alalin,Temizlik Ürünü,Kişisel Temizlik
Bingo Elde Yıkama Toz Çamaşır Deterjan,Bingo,Temizlik Ürünü,Çamaşır Temizliği
Bingo Matik Parfümsüz Toz Çamaşır Deterjanı,Bingo,Temizlik Ürünü,Çamaşır Temizliği
Bingo Matik Renkliler için Lovely Parfümlü Toz Çamaşır Deterjanı,Bingo,Temizlik Ürünü,Çamaşır Temizliği
Bingo Matik Erguvan Esintisi Toz Çamaşır Deterjanı,Bingo,Temizlik Ürünü,Çamaşır Temizliği
Bingo Matik Sensitive Parfümlü Toz Çamaşır Deterjanı,Bingo,Temizlik Ürünü,Çamaşır Temizliği
Eti Matik,Eti,Temizlik Ürünü,Çamaşır Temizliği
Wunschome Lavabo Temizleyici 500 CC,Wunschome,Temizlik Ürünü,Banyo Temizliği
Wunschome Lavabo Temizleyici 1 LT,Wunschome,Temizlik Ürünü,Banyo Temizliği
Wunschome Yağ Sökücü 1 LT,Wunschome,Temizlik Ürünü,Diğer Temizlik
Wunschome Yağ Sökücü 500 CC,Wunschome,Temizlik Ürünü,Diğer Temizlik
Wunschome Leke Sökücü 500 CC,Wunschome,Temizlik Ürünü,Genel Temizlik
Wunschome Leke Sökücü 1 LT,Wunschome,Temizlik Ürünü,Genel Temizlik
Wunschome T.E.T. / Genel Temizlik Sensitive 1 LT,Wunschome,Temizlik Ürünü,Genel Temizlik
Wunschome Ahşap Temizleyici 1 LT,Wunschome,Temizlik Ürünü,Yüzey Temizliği
SiTRETT MX Ultra Konsantre Çok Amaçlı Temizleyici ENDÜSTRiYEL,SiTRETT,Temizlik Ürünü,Genel Temizlik
SiTRETT MX Çok Amaçlı Temizleyici PREMiUM,SiTRETT MX Çok Amaçlı Temizleyici PREMiUM,Temizlik Ürünü,Genel Temizlik
SiTRETT MX Çok Amaçlı Temizleyici PRO,SiTRETT MX Çok Amaçlı Temizleyici PRO,Temizlik Ürünü,Genel Temizlik
Power Prox En Uygun Toz Çamaşır Deterjanı Renkli ve Beyazlar 2’si 1 Arada 9 KG Ekonomi Paketi,Power Prox,Temizlik Ürünü,Çamaşır Temizliği
"Alalin Okyanus Ferahlığı 1500 ml, Doğal Zeytinyağlı Sıvı Sabun",Fe,Temizlik Ürünü,Kişisel Temizlik
"Alalin Zeytin Çiçeği 1500 ml, Doğal Zeytinyağlı Sıvı Sabun",Alalin,Temizlik Ürünü,Kişisel Temizlik
"Alalin Zeytin Çiçeği, Doğal Zeytinyağlı Sıvı Sabun",Alalin,Temizlik Ürünü,Kişisel Temizlik
"Alalin Okyanus Ferahlığı, Doğal Zeytinyağlı Sıvı Sabun",Alalin,Temizlik Ürünü,Kişisel Temizlik
"Alalin Kiraz Çiçeği, Doğal Zeytinyağlı Sıvı Sabun",Alalin,Temizlik Ürünü,Kişisel Temizlik
"Alalin Gülün Büyüsü, Doğal Zeytinyağlı Sıvı Sabun",Alalin,Temizlik Ürünü,Kişisel Temizlik
"Alalin Bodrum Lavantası, Doğal Zeytinyağlı Sıvı Sabun",Alalin,Temizlik Ürünü,Kişisel Temizlik
"Alalin Limon Çiçeği, Doğal Zeytinyağlı Sıvı Sabun","Alalin Limon Çiçeği, Doğal Zeytinyağlı Sıvı Sabun",Temizlik Ürünü,Kişisel Temizlik
Etimaden Boron Sıvı Deterjan Doğal Renkler,Etimaden Boron,Temizlik Ürünü,Çamaşır Temizliği
Etimaden Boron Sıvı Deterjan Doğal Temizlik,Etimaden Boron,Temizlik Ürünü,Çamaşır Temizliği
Parex Dış Mekan Süpürge,Parex,Temizlik Ürünü,Diğer Temizlik
Bingo Dynamic Hasbahçe Doğa Kokulu Sıvı Bulaşık Deterjanı,Bingo,Temizlik Ürünü,Bulaşık Temizliği
Bingo Dynamic Saray Mutfağı Elma&Tarçın Kokulu Sıvı Bulaşık Deterjanı,Bingo,Temizlik Ürünü,Bulaşık Temizliği
Bingo Fresh Lavanta Çiçekleri Sert Yüzey Temizleyici,Bingo,Temizlik Ürünü,Yüzey Temizliği
Bingo Fresh Mutlu Yuvam Sert Yüzey Temizleyici,Bingo,Temizlik Ürünü,Yüzey Temizliği
Bingo Fresh Pembe Düşler Sert Yüzey Temizleyici,Bingo,Temizlik Ürünü,Yüzey Temizliği
Bingo Fresh Star Sert Yüzey Temizleyici,Bingo,Temizlik Ürünü,Yüzey Temizliği
Bingo Fresh Lovely Sert Yüzey Temizleyici,Bingo,Temizlik Ürünü,Yüzey Temizliği
Bingo Soft Konsantre Star Yumuşatıcı,Bingo,Temizlik Ürünü,Çamaşır Temizliği
Bingo Soft Konsantre Lovely Yumuşatıcı,Bingo,Temizlik Ürünü,Çamaşır Temizliği
Bingo Soft Konsantre Ada Ferahlığı Yumuşatıcı,Bingo,Temizlik Ürünü,Çamaşır Temizliği
Bingo Soft Konsantre Sensitive Yumuşatıcı,Bingo,Temizlik Ürünü,Çamaşır Temizliği
Bingo Soft Konsantre Lavanta Rüzgarı Yumuşatıcı,Bingo,Temizlik Ürünü,Çamaşır Temizliği
Bingo Soft Konsantre Bahar Uyanışı Yumuşatıcı,Bingo,Temizlik Ürünü,Çamaşır Temizliği
Bingo Soft Star Standart Yumuşatıcı,Bingo Soft Star Standart Yumuşatıcı,Temizlik Ürünü,Çamaşır Temizliği
Bingo Soft Lovely Standart Yumuşatıcı,Bingo,Temizlik Ürünü,Çamaşır Temizliği
Bingo Soft Ada Ferahlığı Standart Yumuşatıcı,Bingo,Temizlik Ürünü,Çamaşır Temizliği
Bingo Soft Sensitive Standart Yumuşatıcı,Bingo,Temizlik Ürünü,Çamaşır Temizliği
Bingo Soft Lavanta Rüzgarı Standart Yumuşatıcı,Bingo,Temizlik Ürünü,Çamaşır Temizliği
Bingo Soft Bahar Uyanışı Standart Yumuşatıcı,Bingo,Temizlik Ürünü,Çamaşır Temizliği
Bingo Matik Sıvı Parfümsüz Sıvı Çamaşır Deterjanı,Bingo,Temizlik Ürünü,Çamaşır Temizliği
Bingo Matik Sıvı Ergüvan Esintisi Sıvı Çamaşır Deterjanı,Bingo,Temizlik Ürünü,Çamaşır Temizliği
Bingo Matik Sıvı Narin Sıvı Çamaşır Deterjanı,Bingo,Temizlik Ürünü,Çamaşır Temizliği
Bingo Matik Sıvı Renkli Sıvı Çamaşır Deterjanı,Bingo,Temizlik Ürünü,Çamaşır Temizliği
Bingo Matik Sıvı Siyah Sıvı Çamaşır Deterjanı,Bingo Matik Sıvı Siyah Sıvı Çamaşır Deterjanı,Temizlik Ürünü,Çamaşır Temizliği
